Area_Name,Year,Auto_Theft_Stolen,CPA_Cases_Registered,Victims_Total,Cases_Property_Stolen,Rape_Cases_Reported
Andaman & Nicobar Islands,2001.0,4.0,10.0,6.0,64,3.0
Andhra Pradesh,2001.0,2725.0,3078.0,607.0,7134,1.0
Arunachal Pradesh,2001.0,27.0,24.0,16.0,248,2.0
Assam,2001.0,205.0,17.0,128.0,2423,2.0
Bihar,2001.0,946.0,1.0,366.0,3231,0.0
Chandigarh,2001.0,281.0,6.0,5.0,364,2.0
Chhattisgarh,2001.0,790.0,137.0,549.0,4144,2.0
Dadra & Nagar Haveli,2001.0,12.0,0.0,152.0,34,0.0
Delhi,2001.0,3185.0,0.0,13.0,43,2.0
Goa,2001.0,152.0,184.0,363.0,3029,10.0
Gujarat,2001.0,4830.0,2.0,143.0,347,0.0
Haryana,2001.0,1967.0,417.0,39.0,4928,10.0
Himachal Pradesh,2001.0,47.0,9.0,187.0,3098,4.0
Jammu & Kashmir,2001.0,460.0,7.0,291.0,812,0.0
Jharkhand,2001.0,211.0,44.0,577.0,1345,4.0
Karnataka,2001.0,3087.0,12.0,156.0,1150,6.0
Kerala,2001.0,1038.0,183.0,2.0,6394,0.0
Madhya Pradesh,2001.0,3756.0,115.0,622.0,4185,6.0
Maharashtra,2001.0,6244.0,1.0,1068.0,1,3.0
Manipur,2001.0,57.0,635.0,8.0,13549,0.0
Meghalaya,2001.0,22.0,464.0,6.0,13881,3.0
Mizoram,2001.0,11.0,0.0,12.0,75,12.0
Nagaland,2001.0,53.0,6.0,2.0,170,0.0
Odisha,2001.0,778.0,9.0,260.0,417,12.0
Puducherry,2001.0,281.0,76.0,10.0,84,18.0
Punjab,2001.0,609.0,72.0,203.0,3061,0.0
Rajasthan,2001.0,3273.0,4.0,248.0,111,18.0
Sikkim,2001.0,2.0,191.0,6.0,1902,24.0
Tamil Nadu,2001.0,3858.0,110.0,525.0,6867,0.0
Tripura,2001.0,10.0,109.0,9.0,71,24.0
Uttar Pradesh,2001.0,4046.0,90.0,1323.0,5919,871.0
Uttarakhand,2001.0,236.0,13.0,110.0,198,4.0
West Bengal,2001.0,1904.0,1233.0,358.0,6953,867.0
Andaman & Nicobar Islands,2002.0,2.0,25.0,7.0,533,1002.0
Andhra Pradesh,2002.0,3025.0,13.0,662.0,426,5.0
Arunachal Pradesh,2002.0,49.0,13.0,4.0,49,997.0
Assam,2002.0,485.0,159.0,111.0,7581,946.0
Bihar,2002.0,996.0,40.0,397.0,249,15.0
Chandigarh,2002.0,328.0,17.0,9.0,2504,931.0
Chhattisgarh,2002.0,752.0,16.0,228.0,3182,1016.0
Dadra & Nagar Haveli,2002.0,31.0,6.0,1.0,336,5.0
Daman & Diu,2002.0,32.0,19.0,2.0,3731,1011.0
Delhi,2002.0,3291.0,0.0,130.0,38,935.0
Goa,2002.0,138.0,0.0,7.0,56,18.0
Gujarat,2002.0,5318.0,92.0,594.0,2360,917.0
Haryana,2002.0,1920.0,2.0,156.0,359,1049.0
Himachal Pradesh,2002.0,63.0,244.0,34.0,5153,1.0
Jammu & Kashmir,2002.0,270.0,3.0,163.0,3048,1048.0
Jharkhand,2002.0,597.0,8.0,306.0,642,1070.0
Karnataka,2002.0,3376.0,38.0,595.0,1321,7.0
Kerala,2002.0,1272.0,5103.0,155.0,1419,1063.0
Madhya Pradesh,2002.0,4225.0,57.0,537.0,6480,1257.0
Maharashtra,2002.0,6777.0,93.0,966.0,4447,13.0
Manipur,2002.0,98.0,1.0,14.0,9,1244.0
Meghalaya,2002.0,31.0,3.0,25.0,13344,1188.0
Mizoram,2002.0,18.0,323.0,9.0,13273,2.0
Nagaland,2002.0,89.0,0.0,3.0,44,1186.0
Odisha,2002.0,784.0,2.0,346.0,153,1362.0
Puducherry,2002.0,249.0,5.0,11.0,446,0.0
Punjab,2002.0,725.0,6.0,141.0,110,1362.0
Rajasthan,2002.0,3696.0,53.0,261.0,2755,33.0
Tamil Nadu,2002.0,4319.0,0.0,518.0,129,0.0
Tripura,2002.0,71.0,207.0,12.0,1928,33.0
Uttar Pradesh,2002.0,4126.0,124.0,1453.0,6300,38.0
Uttarakhand,2002.0,253.0,0.0,67.0,45,0.0
West Bengal,2002.0,2704.0,313.0,272.0,5492,38.0
Andaman & Nicobar Islands,2003.0,3.0,11.0,9.0,192,31.0
Andhra Pradesh,2003.0,3865.0,1978.0,737.0,4861,0.0
Arunachal Pradesh,2003.0,49.0,32.0,0.0,496,31.0
Assam,2003.0,497.0,10.0,103.0,348,42.0
Bihar,2003.0,1183.0,9.0,393.0,56,0.0
Chandigarh,2003.0,274.0,140.0,6.0,8969,42.0
Chhattisgarh,2003.0,752.0,6.0,216.0,253,35.0
Dadra & Nagar Haveli,2003.0,10.0,15.0,3.0,2606,0.0
Daman & Diu,2003.0,26.0,4.0,0.0,2986,35.0
Delhi,2003.0,3360.0,4.0,131.0,204,37.0
Goa,2003.0,124.0,28.0,14.0,3621,0.0
Gujarat,2003.0,6131.0,1.0,356.0,41,37.0
Haryana,2003.0,1989.0,0.0,151.0,41,48.0
Himachal Pradesh,2003.0,78.0,108.0,34.0,1898,0.0
Jammu & Kashmir,2003.0,301.0,1.0,102.0,244,48.0
Jharkhand,2003.0,137.0,242.0,396.0,5684,42.0
Karnataka,2003.0,3597.0,15.0,525.0,2967,0.0
Kerala,2003.0,1070.0,4.0,126.0,645,42.0
Lakshadweep,2003.0,1.0,44.0,454.0,1526,59.0
Madhya Pradesh,2003.0,4291.0,5106.0,996.0,1374,0.0
Maharashtra,2003.0,7078.0,74.0,11.0,6049,59.0
Manipur,2003.0,107.0,82.0,10.0,4164,47.0
Meghalaya,2003.0,41.0,0.0,9.0,6,0.0
Mizoram,2003.0,31.0,29.0,6.0,12641,47.0
Nagaland,2003.0,197.0,488.0,333.0,13202,817.0
Odisha,2003.0,752.0,2.0,8.0,68,8.0
Puducherry,2003.0,284.0,5.0,175.0,160,809.0
Punjab,2003.0,818.0,4.0,271.0,487,970.0
Rajasthan,2003.0,4482.0,4.0,6.0,82,10.0
Tamil Nadu,2003.0,4317.0,85.0,543.0,2910,960.0
Tripura,2003.0,52.0,5.0,23.0,126,1095.0
Uttar Pradesh,2003.0,3376.0,121.0,999.0,2094,19.0
Uttarakhand,2003.0,269.0,100.0,62.0,5779,1076.0
West Bengal,2003.0,2049.0,3.0,297.0,48,1171.0
Andaman & Nicobar Islands,2004.0,8.0,88.0,5.0,4849,15.0
Andhra Pradesh,2004.0,3857.0,1.0,655.0,167,1156.0
Arunachal Pradesh,2004.0,75.0,1227.0,2.0,2928,1238.0
Assam,2004.0,551.0,24.0,84.0,513,7.0
Bihar,2004.0,1829.0,98.0,425.0,342,1231.0
Chandigarh,2004.0,364.0,15.0,8.0,69,1244.0
Chhattisgarh,2004.0,1131.0,649.0,269.0,8041,12.0
Dadra & Nagar Haveli,2004.0,15.0,25.0,2.0,215,1232.0
Daman & Diu,2004.0,10.0,14.0,1.0,2544,1437.0
Delhi,2004.0,4342.0,157.0,125.0,3175,1.0
Goa,2004.0,112.0,0.0,17.0,186,1436.0
Gujarat,2004.0,6075.0,29.0,340.0,3720,1438.0
Haryana,2004.0,2420.0,1.0,159.0,20,7.0
Himachal Pradesh,2004.0,82.0,0.0,25.0,35,1431.0
Jammu & Kashmir,2004.0,313.0,123.0,107.0,1875,1631.0
Jharkhand,2004.0,597.0,2.0,399.0,245,9.0
Karnataka,2004.0,4578.0,249.0,561.0,5670,1622.0
Kerala,2004.0,1233.0,50.0,137.0,2779,1721.0
Madhya Pradesh,2004.0,5481.0,4.0,494.0,722,13.0
Maharashtra,2004.0,8748.0,284.0,1004.0,1420,1708.0
Manipur,2004.0,106.0,0.0,15.0,1419,888.0
Meghalaya,2004.0,38.0,55.0,8.0,6093,8.0
Mizoram,2004.0,0.0,60.0,4.0,4359,880.0
Nagaland,2004.0,24.0,0.0,17.0,2,1040.0
Odisha,2004.0,1300.0,44.0,357.0,12130,3.0
Puducherry,2004.0,313.0,412.0,3.0,13896,1037.0
Punjab,2004.0,629.0,1.0,194.0,66,985.0
Rajasthan,2004.0,5434.0,6.0,287.0,130,1.0
Tamil Nadu,2004.0,3645.0,2.0,5.0,250,984.0
Tripura,2004.0,28.0,10.0,493.0,52,1390.0
Uttar Pradesh,2004.0,6449.0,81.0,44.0,2990,6.0
Uttarakhand,2004.0,387.0,3.0,1401.0,86,1384.0
West Bengal,2004.0,2093.0,94.0,47.0,1766,1147.0
Andaman & Nicobar Islands,2005.0,5.0,127.0,425.0,5619,10.0
Andhra Pradesh,2005.0,4659.0,0.0,4.0,64,1137.0
Arunachal Pradesh,2005.0,117.0,113.0,722.0,4147,1232.0
Assam,2005.0,551.0,3.0,1.0,166,7.0
Bihar,2005.0,1983.0,667.0,65.0,4192,1225.0
Chandigarh,2005.0,368.0,20.0,442.0,516,1555.0
Chhattisgarh,2005.0,1426.0,62.0,3.0,547,2.0
Dadra & Nagar Haveli,2005.0,14.0,19.0,323.0,68,1553.0
Daman & Diu,2005.0,18.0,6271.0,158.0,7894,1302.0
Delhi,2005.0,4574.0,0.0,14.0,263,3.0
Goa,2005.0,158.0,28.0,346.0,2255,1299.0
Gujarat,2005.0,6199.0,13.0,143.0,3117,929.0
Haryana,2005.0,3696.0,0.0,36.0,223,1.0
Himachal Pradesh,2005.0,65.0,40.0,102.0,3621,928.0
Jammu & Kashmir,2005.0,291.0,0.0,173.0,25,795.0
Jharkhand,2005.0,476.0,0.0,585.0,37,2.0
Karnataka,2005.0,5073.0,86.0,147.0,2093,793.0
Kerala,2005.0,1203.0,3.0,1.0,257,18.0
Madhya Pradesh,2005.0,5741.0,267.0,528.0,5140,2.0
Maharashtra,2005.0,9518.0,94.0,980.0,3425,16.0
Manipur,2005.0,90.0,3.0,19.0,691,18.0
Meghalaya,2005.0,23.0,34.0,19.0,1397,2.0
Mizoram,2005.0,0.0,1.0,4.0,1600,16.0
Nagaland,2005.0,170.0,65.0,17.0,5986,18.0
Odisha,2005.0,1525.0,186.0,326.0,3914,1.0
Puducherry,2005.0,224.0,0.0,9.0,2,17.0
Punjab,2005.0,695.0,588.0,187.0,11192,19.0
Rajasthan,2005.0,5425.0,434.0,296.0,14735,1.0
Sikkim,2005.0,1.0,4.0,4.0,62,18.0
Tamil Nadu,2005.0,3108.0,6.0,462.0,137,33.0
Tripura,2005.0,52.0,0.0,64.0,442,1.0
Uttar Pradesh,2005.0,5895.0,4.0,1354.0,93,32.0
Uttarakhand,2005.0,339.0,55.0,53.0,3029,19.0
West Bengal,2005.0,2166.0,3.0,365.0,67,5.0
Andaman & Nicobar Islands,2006.0,5.0,98.0,1.0,1933,14.0
Andhra Pradesh,2006.0,4554.0,116.0,744.0,5003,22.0
Arunachal Pradesh,2006.0,74.0,0.0,0.0,79,2.0
Assam,2006.0,674.0,126.0,76.0,3738,20.0
Bihar,2006.0,1700.0,10.0,413.0,170,20.0
Chandigarh,2006.0,361.0,1378.0,4.0,3496,3.0
Chhattisgarh,2006.0,1910.0,9.0,336.0,489,17.0
Dadra & Nagar Haveli,2006.0,12.0,24.0,3.0,739,29.0
Daman & Diu,2006.0,19.0,14.0,2.0,82,0.0
Delhi,2006.0,4627.0,5461.0,128.0,8169,29.0
Goa,2006.0,170.0,8.0,10.0,257,31.0
Gujarat,2006.0,6409.0,11.0,366.0,2911,0.0
Haryana,2006.0,4641.0,10.0,156.0,3531,31.0
Himachal Pradesh,2006.0,74.0,2.0,31.0,189,959.0
Jammu & Kashmir,2006.0,287.0,28.0,76.0,3507,6.0
Jharkhand,2006.0,1118.0,0.0,214.0,41,953.0
Karnataka,2006.0,4808.0,0.0,588.0,60,992.0
Kerala,2006.0,1200.0,113.0,138.0,1950,63.0
Lakshadweep,2006.0,2.0,1.0,510.0,230,929.0
Madhya Pradesh,2006.0,6771.0,232.0,995.0,5363,898.0
Maharashtra,2006.0,10104.0,18.0,9.0,3996,39.0
Manipur,2006.0,103.0,2477.0,11.0,732,859.0
Meghalaya,2006.0,56.0,63.0,3.0,1351,969.0
Mizoram,2006.0,37.0,3.0,8.0,1428,78.0
Nagaland,2006.0,50.0,55.0,384.0,5967,891.0
Odisha,2006.0,1410.0,99.0,9.0,3948,990.0
Puducherry,2006.0,304.0,0.0,237.0,2,110.0
Punjab,2006.0,844.0,819.0,249.0,10729,880.0
Rajasthan,2006.0,5716.0,417.0,7.0,14723,995.0
Sikkim,2006.0,1.0,0.0,515.0,55,97.0
Tamil Nadu,2006.0,2784.0,4.0,34.0,140,898.0
Tripura,2006.0,15.0,7.0,927.0,408,982.0
Uttar Pradesh,2006.0,6571.0,7.0,55.0,68,63.0
Uttarakhand,2006.0,374.0,2481.0,447.0,3118,919.0
West Bengal,2006.0,2303.0,3.0,6.0,84,978.0
Andaman & Nicobar Islands,2007.0,8.0,86.0,886.0,2277,31.0
Andhra Pradesh,2007.0,5616.0,135.0,3.0,4879,947.0
Arunachal Pradesh,2007.0,104.0,0.0,88.0,84,976.0
Assam,2007.0,545.0,115.0,390.0,3300,24.0
Bihar,2007.0,1871.0,17.0,6.0,182,952.0
Chandigarh,2007.0,474.0,825.0,310.0,3545,1012.0
Chhattisgarh,2007.0,1684.0,8.0,4.0,410,21.0
Dadra & Nagar Haveli,2007.0,16.0,27.0,1.0,601,991.0
Daman & Diu,2007.0,22.0,20.0,127.0,90,6.0
Delhi,2007.0,4641.0,200.0,16.0,7609,0.0
Goa,2007.0,180.0,16.0,314.0,240,6.0
Gujarat,2007.0,7252.0,18.0,167.0,2603,4.0
Haryana,2007.0,4746.0,7.0,35.0,3259,0.0
Himachal Pradesh,2007.0,114.0,3.0,40.0,191,4.0
Jammu & Kashmir,2007.0,221.0,6.0,237.0,3632,1.0
Jharkhand,2007.0,1250.0,0.0,505.0,28,0.0
Karnataka,2007.0,4877.0,0.0,141.0,46,1.0
Kerala,2007.0,1298.0,87.0,551.0,2055,7.0
Lakshadweep,2007.0,2.0,11.0,1014.0,271,0.0
Madhya Pradesh,2007.0,7864.0,226.0,20.0,4747,7.0
Maharashtra,2007.0,11189.0,19.0,7.0,4231,5.0
Manipur,2007.0,115.0,6.0,18.0,831,0.0
Meghalaya,2007.0,45.0,17.0,14.0,1458,5.0
Mizoram,2007.0,51.0,0.0,372.0,1489,6.0
Nagaland,2007.0,117.0,86.0,10.0,5449,0.0
Odisha,2007.0,1525.0,89.0,225.0,3824,6.0
Puducherry,2007.0,478.0,0.0,319.0,2,7.0
Punjab,2007.0,1110.0,4562.0,3.0,11230,0.0
Rajasthan,2007.0,6574.0,354.0,604.0,14771,7.0
Sikkim,2007.0,3.0,0.0,50.0,70,6.0
Tamil Nadu,2007.0,2545.0,16.0,899.0,203,0.0
Tripura,2007.0,51.0,0.0,77.0,424,6.0
Uttar Pradesh,2007.0,7579.0,3.0,647.0,118,4.0
Uttarakhand,2007.0,418.0,45.0,2.0,3073,0.0
West Bengal,2007.0,1954.0,3.0,830.0,86,4.0
Andaman & Nicobar Islands,2008.0,10.0,144.0,1.0,2616,3.0
Andhra Pradesh,2008.0,6993.0,84.0,103.0,4951,0.0
Arunachal Pradesh,2008.0,43.0,3.0,637.0,83,3.0
Assam,2008.0,1255.0,141.0,6.0,3717,0.0
Bihar,2008.0,2445.0,23.0,363.0,193,0.0
Chandigarh,2008.0,662.0,1693.0,4.0,3869,0.0
Chhattisgarh,2008.0,1645.0,9.0,0.0,508,0.0
Dadra & Nagar Haveli,2008.0,8.0,17.0,116.0,399,0.0
Daman & Diu,2008.0,24.0,15.0,20.0,78,0.0
Delhi,2008.0,5936.0,129.0,340.0,8219,5.0
Goa,2008.0,213.0,0.0,185.0,245,0.0
Gujarat,2008.0,8976.0,12.0,36.0,3147,5.0
Haryana,2008.0,5779.0,27.0,30.0,3414,1.0
Himachal Pradesh,2008.0,153.0,0.0,266.0,257,0.0
Jammu & Kashmir,2008.0,430.0,413.0,624.0,4112,1.0
Jharkhand,2008.0,2156.0,0.0,128.0,49,2.0
Karnataka,2008.0,7552.0,0.0,1.0,45,0.0
Kerala,2008.0,1329.0,93.0,516.0,1926,2.0
Lakshadweep,2008.0,1.0,11.0,1049.0,291,3.0
Madhya Pradesh,2008.0,10088.0,246.0,19.0,4932,0.0
Maharashtra,2008.0,13589.0,42.0,15.0,4249,3.0
Manipur,2008.0,232.0,8.0,2.0,872,1.0
Meghalaya,2008.0,47.0,40.0,6.0,1332,0.0
Mizoram,2008.0,25.0,1.0,545.0,1375,1.0
Nagaland,2008.0,121.0,77.0,8.0,6258,0.0
Odisha,2008.0,1771.0,132.0,219.0,3533,0.0
Puducherry,2008.0,418.0,0.0,287.0,3,0.0
Punjab,2008.0,1307.0,23.0,3.0,11072,1.0
Rajasthan,2008.0,7837.0,373.0,624.0,15170,0.0
Sikkim,2008.0,1.0,1.0,63.0,76,1.0
Tamil Nadu,2008.0,3424.0,6.0,840.0,166,1.0
Tripura,2008.0,54.0,0.0,48.0,337,0.0
Uttar Pradesh,2008.0,8419.0,3.0,250.0,120,1.0
Uttarakhand,2008.0,506.0,41.0,8.0,3064,381.0
West Bengal,2008.0,2158.0,5.0,800.0,90,9.0
Andaman & Nicobar Islands,2009.0,9.0,477.0,1.0,2621,372.0
Andhra Pradesh,2009.0,7244.0,66.0,97.0,4526,403.0
Arunachal Pradesh,2009.0,83.0,0.0,672.0,81,32.0
Assam,2009.0,1135.0,124.0,3.0,3849,371.0
Bihar,2009.0,3200.0,23.0,326.0,218,490.0
Chandigarh,2009.0,648.0,3008.0,6.0,4142,21.0
Chhattisgarh,2009.0,1882.0,12.0,1.0,376,469.0
Dadra & Nagar Haveli,2009.0,10.0,37.0,126.0,462,551.0
Daman & Diu,2009.0,27.0,15.0,31.0,86,16.0
Delhi,2009.0,7843.0,128.0,325.0,7702,535.0
Goa,2009.0,310.0,0.0,221.0,201,658.0
Gujarat,2009.0,9821.0,9.0,39.0,3149,32.0
Haryana,2009.0,6070.0,38.0,46.0,3566,626.0
Himachal Pradesh,2009.0,129.0,0.0,201.0,241,623.0
Jammu & Kashmir,2009.0,362.0,68.0,679.0,3975,26.0
Jharkhand,2009.0,2168.0,0.0,109.0,43,597.0
Karnataka,2009.0,9724.0,0.0,625.0,33,598.0
Kerala,2009.0,1498.0,69.0,1000.0,1733,18.0
Lakshadweep,2009.0,1.0,9.0,18.0,283,580.0
Madhya Pradesh,2009.0,9826.0,352.0,22.0,4385,466.0
Maharashtra,2009.0,14723.0,167.0,3.0,4077,37.0
Manipur,2009.0,253.0,10.0,9.0,779,429.0
Meghalaya,2009.0,99.0,39.0,460.0,1550,469.0
Mizoram,2009.0,33.0,1060.0,10.0,1392,19.0
Nagaland,2009.0,83.0,76.0,203.0,6629,450.0
Odisha,2009.0,2081.0,81.0,328.0,3301,507.0
Puducherry,2009.0,487.0,0.0,6.0,1,21.0
Punjab,2009.0,1746.0,4014.0,587.0,10661,486.0
Rajasthan,2009.0,9787.0,323.0,57.0,15145,12.0
Sikkim,2009.0,1.0,1.0,955.0,68,0.0
Tamil Nadu,2009.0,4865.0,3.0,51.0,135,12.0
Tripura,2009.0,63.0,12.0,693.0,381,12.0
Uttar Pradesh,2009.0,11181.0,6.0,5.0,82,0.0
Uttarakhand,2009.0,556.0,192.0,624.0,2937,12.0
West Bengal,2009.0,3034.0,2.0,2.0,71,31.0
Andaman & Nicobar Islands,2010.0,21.0,69.0,86.0,2507,0.0
Andhra Pradesh,2010.0,6116.0,161.0,662.0,5022,31.0
Arunachal Pradesh,2010.0,133.0,23.0,2.0,93,37.0
Assam,2010.0,458.0,111.0,357.0,4221,1.0
Bihar,2010.0,3575.0,5.0,1.0,230,36.0
Chandigarh,2010.0,536.0,7912.0,119.0,4084,20.0
Chhattisgarh,2010.0,1848.0,14.0,7.0,276,1.0
Dadra & Nagar Haveli,2010.0,23.0,6.0,268.0,329,19.0
Daman & Diu,2010.0,25.0,24.0,213.0,80,21.0
Delhi,2010.0,9085.0,112.0,28.0,8126,1.0
Goa,2010.0,337.0,0.0,30.0,211,20.0
Gujarat,2010.0,8403.0,9.0,256.0,3458,20.0
Haryana,2010.0,8687.0,37.0,731.0,3437,1.0
Himachal Pradesh,2010.0,137.0,0.0,126.0,236,19.0
Jammu & Kashmir,2010.0,510.0,29.0,551.0,3711,30.0
Jharkhand,2010.0,2268.0,0.0,1047.0,25,0.0
Karnataka,2010.0,9001.0,0.0,19.0,27,30.0
Kerala,2010.0,1142.0,58.0,11.0,1502,47.0
Madhya Pradesh,2010.0,10870.0,8.0,8.0,344,1.0
Maharashtra,2010.0,15126.0,274.0,5.0,3850,46.0
Manipur,2010.0,236.0,40.0,536.0,4445,36.0
Meghalaya,2010.0,99.0,17.0,4.0,743,2.0
Mizoram,2010.0,38.0,79.0,242.0,1385,34.0
Nagaland,2010.0,140.0,8.0,306.0,1357,286.0
Odisha,2010.0,2250.0,81.0,8.0,6059,2.0
Puducherry,2010.0,371.0,118.0,629.0,2468,284.0
Punjab,2010.0,1572.0,0.0,63.0,3,267.0
Rajasthan,2010.0,11199.0,30.0,859.0,9897,10.0
Sikkim,2010.0,6.0,413.0,44.0,15724,257.0
Tamil Nadu,2010.0,4791.0,0.0,893.0,66,236.0
Tripura,2010.0,43.0,5.0,7.0,154,7.0
Uttar Pradesh,2010.0,13168.0,2.0,2176.0,425,229.0
Uttarakhand,2010.0,727.0,7.0,67.0,62,339.0
West Bengal,2010.0,3539.0,30.0,1228.0,2855,14.0
Andhra Pradesh,2001.0,309.0,4.0,3277.0,72,325.0
Arunachal Pradesh,2001.0,9.0,36.0,10.0,2660,324.0
Assam,2001.0,15.0,193.0,1108.0,4454,19.0
Bihar,2001.0,175.0,0.0,3.0,72,305.0
Chandigarh,2001.0,206.0,107.0,422.0,4715,354.0
Chhattisgarh,2001.0,105.0,28.0,24.0,217,16.0
Dadra & Nagar Haveli,2001.0,2.0,8701.0,917.0,4073,338.0
Delhi,2001.0,4075.0,15.0,675.0,294,316.0
Goa,2001.0,23.0,5.0,83.0,388,3.0
Gujarat,2001.0,460.0,,1225.0,10,313.0
Haryana,2001.0,843.0,,1216.0,316,374.0
Himachal Pradesh,2001.0,87.0,,1101.0,41,4.0
Jammu & Kashmir,2001.0,169.0,,333.0,374,370.0
Jharkhand,2001.0,16.0,,1803.0,922,433.0
Karnataka,2001.0,597.0,,1882.0,26,18.0
Kerala,2001.0,499.0,,225.0,147,415.0
Madhya Pradesh,2001.0,289.0,,163.0,13,408.0
Maharashtra,2001.0,1960.0,,19.0,5,4.0
Manipur,2001.0,6.0,,107.0,479,404.0
Meghalaya,2001.0,20.0,,745.0,20,398.0
Mizoram,2001.0,5.0,,15.0,1348,0.0
Nagaland,2001.0,64.0,,584.0,530,398.0
Odisha,2001.0,43.0,,1027.0,59,361.0
Puducherry,2001.0,3.0,,13.0,82,52.0
Punjab,2001.0,502.0,,1137.0,153,309.0
Rajasthan,2001.0,570.0,,231.0,427,353.0
Sikkim,2001.0,4.0,,6857.0,279,14.0
Tamil Nadu,2001.0,197.0,,271.0,1,339.0
Uttar Pradesh,2001.0,1565.0,,1315.0,481,386.0
Uttarakhand,2001.0,132.0,,10.0,1436,20.0
West Bengal,2001.0,499.0,,1989.0,33,366.0
Andhra Pradesh,2002.0,190.0,,57.0,19,461.0
Arunachal Pradesh,2002.0,2.0,,1142.0,22,15.0
Assam,2002.0,22.0,,3434.0,3,446.0
Bihar,2002.0,122.0,,22.0,224,608.0
Chandigarh,2002.0,286.0,,616.0,5,10.0
Chhattisgarh,2002.0,128.0,,10.0,368,598.0
Dadra & Nagar Haveli,2002.0,6.0,,6.0,626,488.0
Daman & Diu,2002.0,4.0,,411.0,1,3.0
Delhi,2002.0,3632.0,,24.0,313,485.0
Goa,2002.0,8.0,,1733.0,4,631.0
Gujarat,2002.0,565.0,,655.0,991,8.0
Haryana,2002.0,780.0,,98.0,171,623.0
Himachal Pradesh,2002.0,67.0,,1144.0,486,603.0
Jammu & Kashmir,2002.0,308.0,,1182.0,4,12.0
Jharkhand,2002.0,104.0,,1109.0,382,591.0
Karnataka,2002.0,523.0,,299.0,23,720.0
Kerala,2002.0,623.0,,1858.0,558,15.0
Madhya Pradesh,2002.0,318.0,,2025.0,1214,705.0
Maharashtra,2002.0,1931.0,,208.0,35,124.0
Manipur,2002.0,16.0,,159.0,92,0.0
Meghalaya,2002.0,20.0,,20.0,12,124.0
Mizoram,2002.0,11.0,,105.0,5,137.0
Nagaland,2002.0,50.0,,802.0,444,1.0
Odisha,2002.0,45.0,,20.0,16,136.0
Puducherry,2002.0,5.0,,631.0,1188,126.0
Punjab,2002.0,477.0,,1063.0,524,2.0
Rajasthan,2002.0,594.0,,13.0,67,124.0
Sikkim,2002.0,5.0,,1269.0,91,153.0
Tamil Nadu,2002.0,158.0,,189.0,333,8.0
Tripura,2002.0,1.0,,6085.0,393,145.0
Uttar Pradesh,2002.0,1385.0,,268.0,252,141.0
Uttarakhand,2002.0,97.0,,1181.0,0,5.0
West Bengal,2002.0,586.0,,12.0,507,136.0
Andaman & Nicobar Islands,2003.0,1.0,,2177.0,1392,113.0
Andhra Pradesh,2003.0,366.0,,77.0,28,7.0
Arunachal Pradesh,2003.0,1.0,,1088.0,8,106.0
Assam,2003.0,210.0,,3379.0,26,159.0
Bihar,2003.0,118.0,,15.0,10,2.0
Chandigarh,2003.0,284.0,,581.0,202,157.0
Chhattisgarh,2003.0,101.0,,8.0,11,157.0
Dadra & Nagar Haveli,2003.0,4.0,,6.0,373,1.0
Daman & Diu,2003.0,1.0,,371.0,383,156.0
Delhi,2003.0,3626.0,,20.0,1,183.0
Goa,2003.0,8.0,,808.0,82,10.0
Gujarat,2003.0,661.0,,597.0,12,173.0
Haryana,2003.0,784.0,,96.0,262,160.0
Himachal Pradesh,2003.0,92.0,,1013.0,0,7.0
Jammu & Kashmir,2003.0,206.0,,1086.0,451,153.0
Jharkhand,2003.0,191.0,,1051.0,3,169.0
Karnataka,2003.0,351.0,,309.0,296,2.0
Kerala,2003.0,512.0,,1773.0,28,167.0
Madhya Pradesh,2003.0,714.0,,1955.0,611,192.0
Maharashtra,2003.0,1855.0,,174.0,1096,3.0
Manipur,2003.0,13.0,,165.0,32,189.0
Meghalaya,2003.0,61.0,,37.0,70,211.0
Mizoram,2003.0,20.0,,85.0,8,2.0
Nagaland,2003.0,15.0,,769.0,7,209.0
Odisha,2003.0,66.0,,22.0,431,218.0
Puducherry,2003.0,7.0,,594.0,43,1.0
Punjab,2003.0,457.0,,1013.0,1545,217.0
Rajasthan,2003.0,665.0,,10.0,518,201.0
Sikkim,2003.0,3.0,,1111.0,43,0.0
Tamil Nadu,2003.0,166.0,,231.0,116,201.0
Tripura,2003.0,1.0,,4285.0,265,250.0
Uttar Pradesh,2003.0,1162.0,,231.0,438,0.0
Uttarakhand,2003.0,80.0,,1167.0,229,250.0
West Bengal,2003.0,392.0,,10.0,0,288.0
Andhra Pradesh,2004.0,414.0,,1985.0,393,0.0
Arunachal Pradesh,2004.0,0.0,,65.0,1488,288.0
Assam,2004.0,249.0,,1130.0,16,219.0
Bihar,2004.0,185.0,,3523.0,11,0.0
Chandigarh,2004.0,289.0,,14.0,19,219.0
Chhattisgarh,2004.0,56.0,,658.0,3,237.0
Dadra & Nagar Haveli,2004.0,5.0,,9.0,210,4.0
Daman & Diu,2004.0,2.0,,2.0,12,233.0
Delhi,2004.0,3850.0,,385.0,343,245.0
Goa,2004.0,9.0,,25.0,85,0.0
Gujarat,2004.0,596.0,,829.0,5,245.0
Haryana,2004.0,929.0,,583.0,307,567.0
Himachal Pradesh,2004.0,108.0,,85.0,3,12.0
Jammu & Kashmir,2004.0,179.0,,882.0,143,555.0
Jharkhand,2004.0,104.0,,1089.0,0,797.0
Karnataka,2004.0,872.0,,1006.0,378,18.0
Kerala,2004.0,437.0,,290.0,0,779.0
Madhya Pradesh,2004.0,484.0,,1886.0,353,712.0
Maharashtra,2004.0,2136.0,,1773.0,26,14.0
Manipur,2004.0,2.0,,178.0,586,698.0
Meghalaya,2004.0,91.0,,149.0,1696,797.0
Mizoram,2004.0,0.0,,31.0,23,18.0
Nagaland,2004.0,49.0,,56.0,84,779.0
Odisha,2004.0,21.0,,780.0,12,753.0
Puducherry,2004.0,4.0,,22.0,3,120.0
Punjab,2004.0,440.0,,608.0,445,633.0
Rajasthan,2004.0,859.0,,1005.0,34,799.0
Sikkim,2004.0,3.0,,13.0,1419,94.0
Tamil Nadu,2004.0,128.0,,1051.0,466,705.0
Tripura,2004.0,4.0,,182.0,84,855.0
Uttar Pradesh,2004.0,1793.0,,5264.0,105,0.0
Uttarakhand,2004.0,74.0,,220.0,333,855.0
West Bengal,2004.0,250.0,,1008.0,354,791.0
Andhra Pradesh,2005.0,347.0,,11.0,236,12.0
Arunachal Pradesh,2005.0,2.0,,2206.0,0,779.0
Assam,2005.0,247.0,,80.0,424,719.0
Bihar,2005.0,83.0,,1129.0,1371,22.0
Chandigarh,2005.0,201.0,,3029.0,25,697.0
Chhattisgarh,2005.0,83.0,,15.0,23,773.0
Dadra & Nagar Haveli,2005.0,3.0,,727.0,0,11.0
Daman & Diu,2005.0,4.0,,7.0,10,762.0
Delhi,2005.0,3515.0,,5.0,249,293.0
Goa,2005.0,31.0,,375.0,7,5.0
Gujarat,2005.0,629.0,,35.0,311,288.0
Haryana,2005.0,1142.0,,757.0,55,292.0
Himachal Pradesh,2005.0,67.0,,669.0,4,4.0
Jammu & Kashmir,2005.0,164.0,,82.0,200,288.0
Jharkhand,2005.0,251.0,,644.0,17,321.0
Karnataka,2005.0,606.0,,1350.0,172,1.0
Kerala,2005.0,482.0,,1088.0,0,320.0
Madhya Pradesh,2005.0,554.0,,284.0,425,291.0
Maharashtra,2005.0,2129.0,,1900.0,8,7.0
Manipur,2005.0,2.0,,1765.0,348,284.0
Meghalaya,2005.0,90.0,,276.0,36,343.0
Mizoram,2005.0,0.0,,119.0,487,5.0
Nagaland,2005.0,71.0,,31.0,1181,338.0
Odisha,2005.0,51.0,,74.0,41,400.0
Puducherry,2005.0,9.0,,807.0,105,2.0
Punjab,2005.0,357.0,,10.0,12,398.0
Rajasthan,2005.0,809.0,,557.0,6,436.0
Sikkim,2005.0,4.0,,950.0,394,2.0
Tamil Nadu,2005.0,93.0,,5.0,42,434.0
Tripura,2005.0,1.0,,1049.0,1242,446.0
Uttar Pradesh,2005.0,1477.0,,94.0,492,0.0
Uttarakhand,2005.0,102.0,,5011.0,73,446.0
West Bengal,2005.0,176.0,,237.0,117,509.0
Andhra Pradesh,2006.0,434.0,,1089.0,168,18.0
Arunachal Pradesh,2006.0,0.0,,4.0,434,491.0
Assam,2006.0,409.0,,2196.0,278,586.0
Bihar,2006.0,49.0,,60.0,0,2.0
Chandigarh,2006.0,158.0,,1131.0,489,584.0
Chhattisgarh,2006.0,76.0,,2836.0,1637,562.0
Dadra & Nagar Haveli,2006.0,3.0,,10.0,52,4.0
Daman & Diu,2006.0,14.0,,762.0,14,558.0
Delhi,2006.0,4066.0,,6.0,10,499.0
Goa,2006.0,43.0,,5.0,16,4.0
Gujarat,2006.0,467.0,,360.0,288,495.0
Haryana,2006.0,1438.0,,30.0,8,394.0
Himachal Pradesh,2006.0,99.0,,848.0,301,7.0
Jammu & Kashmir,2006.0,67.0,,743.0,61,387.0
Jharkhand,2006.0,65.0,,98.0,4,480.0
Karnataka,2006.0,503.0,,565.0,179,3.0
Kerala,2006.0,519.0,,1278.0,32,477.0
Madhya Pradesh,2006.0,384.0,,1089.0,356,478.0
Maharashtra,2006.0,2252.0,,288.0,0,12.0
Manipur,2006.0,9.0,,1820.0,528,466.0
Meghalaya,2006.0,66.0,,1966.0,3,601.0
Mizoram,2006.0,24.0,,229.0,396,28.0
Nagaland,2006.0,43.0,,146.0,45,573.0
Odisha,2006.0,96.0,,22.0,461,512.0
Puducherry,2006.0,5.0,,115.0,1042,21.0
Punjab,2006.0,518.0,,783.0,59,491.0
Rajasthan,2006.0,1035.0,,21.0,130,568.0
Sikkim,2006.0,5.0,,614.0,30,17.0
Tamil Nadu,2006.0,131.0,,989.0,9,551.0
Tripura,2006.0,12.0,,14.0,442,568.0
Uttar Pradesh,2006.0,1458.0,,903.0,25,18.0
Uttarakhand,2006.0,101.0,,131.0,1118,550.0
West Bengal,2006.0,298.0,,4835.0,685,634.0
Andhra Pradesh,2007.0,298.0,,230.0,123,14.0
Arunachal Pradesh,2007.0,12.0,,995.0,121,620.0
Assam,2007.0,264.0,,9.0,292,0.0
Bihar,2007.0,61.0,,1964.0,378,0.0
Chandigarh,2007.0,357.0,,65.0,243,0.0
Chhattisgarh,2007.0,99.0,,1286.0,0,1.0
Dadra & Nagar Haveli,2007.0,1.0,,2691.0,362,0.0
Daman & Diu,2007.0,5.0,,14.0,1643,1.0
Delhi,2007.0,3613.0,,787.0,32,2.0
Goa,2007.0,32.0,,6.0,16,0.0
Gujarat,2007.0,508.0,,11.0,27,2.0
Haryana,2007.0,1237.0,,384.0,16,0.0
Himachal Pradesh,2007.0,86.0,,18.0,272,0.0
Jammu & Kashmir,2007.0,130.0,,900.0,6,0.0
Jharkhand,2007.0,365.0,,775.0,274,0.0
Karnataka,2007.0,546.0,,97.0,226,0.0
Kerala,2007.0,606.0,,326.0,10,0.0
Madhya Pradesh,2007.0,469.0,,1380.0,131,0.0
Maharashtra,2007.0,2219.0,,1081.0,23,0.0
Manipur,2007.0,12.0,,252.0,599,0.0
Meghalaya,2007.0,15.0,,1764.0,0,1.0
Mizoram,2007.0,15.0,,1779.0,519,0.0
Nagaland,2007.0,56.0,,275.0,7,1.0
Odisha,2007.0,99.0,,107.0,278,2.0
Puducherry,2007.0,11.0,,25.0,41,0.0
Punjab,2007.0,577.0,,104.0,653,2.0
Rajasthan,2007.0,1130.0,,863.0,1309,1.0
Sikkim,2007.0,6.0,,25.0,38,0.0
Tamil Nadu,2007.0,100.0,,601.0,140,1.0
Tripura,2007.0,2.0,,1040.0,17,0.0
Uttar Pradesh,2007.0,1458.0,,6.0,5,0.0
Uttarakhand,2007.0,119.0,,1107.0,451,0.0
West Bengal,2007.0,328.0,,100.0,25,2851.0
Andhra Pradesh,2008.0,300.0,,4283.0,987,301.0
Arunachal Pradesh,2008.0,17.0,,191.0,676,2550.0
Assam,2008.0,508.0,,1006.0,104,2891.0
Bihar,2008.0,134.0,,6.0,58,72.0
Chandigarh,2008.0,426.0,,1932.0,207,2819.0
Chhattisgarh,2008.0,405.0,,71.0,320,2738.0
Dadra & Nagar Haveli,2008.0,1.0,,1323.0,298,123.0
Daman & Diu,2008.0,8.0,,2502.0,0,2615.0
Delhi,2008.0,4388.0,,11.0,392,2875.0
Goa,2008.0,20.0,,806.0,1621,63.0
Gujarat,2008.0,593.0,,5.0,19,2812.0
Haryana,2008.0,1534.0,,2.0,16,2921.0
Himachal Pradesh,2008.0,119.0,,473.0,19,141.0
Jammu & Kashmir,2008.0,163.0,,33.0,11,2780.0
Jharkhand,2008.0,277.0,,805.0,319,2900.0
Karnataka,2008.0,813.0,,785.0,6,29.0
Kerala,2008.0,452.0,,94.0,313,2871.0
Madhya Pradesh,2008.0,454.0,,236.0,320,3010.0
Maharashtra,2008.0,2459.0,,1431.0,7,49.0
Manipur,2008.0,59.0,,1176.0,256,2961.0
Meghalaya,2008.0,53.0,,251.0,42,2937.0
Mizoram,2008.0,15.0,,1835.0,1566,52.0
Nagaland,2008.0,89.0,,1927.0,0,2885.0
Odisha,2008.0,125.0,,249.0,669,2998.0
Puducherry,2008.0,13.0,,111.0,12,14.0
Punjab,2008.0,641.0,,33.0,329,2984.0
Rajasthan,2008.0,1223.0,,141.0,43,3135.0
Sikkim,2008.0,6.0,,705.0,680,21.0
Tamil Nadu,2008.0,200.0,,27.0,1352,3114.0
Tripura,2008.0,3.0,,596.0,37,1302.0
Uttar Pradesh,2008.0,1546.0,,1033.0,146,20.0
Uttarakhand,2008.0,124.0,,6.0,10,1282.0
West Bengal,2008.0,272.0,,1200.0,4,1352.0
Andaman & Nicobar Islands,2009.0,1.0,,103.0,355,21.0
Andhra Pradesh,2009.0,436.0,,3859.0,40,1331.0
Arunachal Pradesh,2009.0,26.0,,213.0,917,1268.0
Assam,2009.0,443.0,,1561.0,763,18.0
Bihar,2009.0,262.0,,10.0,109,1250.0
Chandigarh,2009.0,466.0,,1675.0,25,1388.0
Chhattisgarh,2009.0,236.0,,58.0,155,31.0
Dadra & Nagar Haveli,2009.0,10.0,,1226.0,360,1357.0
Daman & Diu,2009.0,4.0,,2507.0,319,1545.0
Delhi,2009.0,4757.0,,19.0,0,38.0
Goa,2009.0,19.0,,757.0,450,1507.0
Gujarat,2009.0,763.0,,4.0,1761,1500.0
Haryana,2009.0,1587.0,,4.0,24,36.0
Himachal Pradesh,2009.0,166.0,,445.0,28,1464.0
Jammu & Kashmir,2009.0,433.0,,26.0,28,1451.0
Jharkhand,2009.0,295.0,,734.0,16,40.0
Karnataka,2009.0,959.0,,786.0,278,1411.0
Kerala,2009.0,307.0,,94.0,13,1558.0
Lakshadweep,2009.0,4.0,,216.0,236,35.0
Madhya Pradesh,2009.0,675.0,,1435.0,255,1523.0
Maharashtra,2009.0,2523.0,,1073.0,6,1483.0
Manipur,2009.0,51.0,,260.0,183,76.0
Meghalaya,2009.0,59.0,,1777.0,42,1407.0
Mizoram,2009.0,8.0,,1712.0,2008,1599.0
Nagaland,2009.0,103.0,,156.0,0,44.0
Odisha,2009.0,358.0,,106.0,853,1555.0
Puducherry,2009.0,9.0,,28.0,7,20.0
Punjab,2009.0,870.0,,40.0,466,2.0
Rajasthan,2009.0,1654.0,,806.0,38,18.0
Sikkim,2009.0,7.0,,29.0,802,14.0
Tamil Nadu,2009.0,194.0,,658.0,1186,3.0
Tripura,2009.0,4.0,,1089.0,38,11.0
Uttar Pradesh,2009.0,2718.0,,14.0,166,18.0
Uttarakhand,2009.0,106.0,,1270.0,17,0.0
West Bengal,2009.0,401.0,,91.0,6,18.0
Andhra Pradesh,2010.0,602.0,,3724.0,333,31.0
Arunachal Pradesh,2010.0,5.0,,144.0,46,0.0
Assam,2010.0,103.0,,1468.0,987,31.0
Bihar,2010.0,360.0,,5.0,761,25.0
Chandigarh,2010.0,355.0,,1914.0,88,1.0
Chhattisgarh,2010.0,152.0,,73.0,36,24.0
Dadra & Nagar Haveli,2010.0,6.0,,1137.0,442,40.0
Daman & Diu,2010.0,2.0,,2700.0,389,0.0
Delhi,2010.0,5281.0,,20.0,254,40.0
Goa,2010.0,20.0,,708.0,0,20.0
Gujarat,2010.0,843.0,,5.0,437,1.0
Haryana,2010.0,1918.0,,5.0,1735,19.0
Himachal Pradesh,2010.0,161.0,,458.0,19,38.0
Jammu & Kashmir,2010.0,334.0,,28.0,26,0.0
Jharkhand,2010.0,368.0,,814.0,30,38.0
Karnataka,2010.0,1087.0,,831.0,6,31.0
Kerala,2010.0,180.0,,105.0,175,0.0
Madhya Pradesh,2010.0,780.0,,205.0,7,31.0
Maharashtra,2010.0,2612.0,,1496.0,222,34.0
Manipur,2010.0,47.0,,1147.0,295,0.0
Meghalaya,2010.0,43.0,,279.0,4,34.0
Mizoram,2010.0,18.0,,1890.0,205,26.0
Nagaland,2010.0,81.0,,1790.0,52,5.0
Odisha,2010.0,181.0,,82.0,1176,21.0
Puducherry,2010.0,12.0,,126.0,0,38.0
Punjab,2010.0,943.0,,40.0,896,1.0
Rajasthan,2010.0,1491.0,,42.0,10,37.0
Sikkim,2010.0,2.0,,783.0,417,40.0
Tamil Nadu,2010.0,265.0,,30.0,59,5.0
Tripura,2010.0,2.0,,703.0,992,35.0
Uttar Pradesh,2010.0,3046.0,,1115.0,1071,54.0
Uttarakhand,2010.0,96.0,,9.0,23,4.0
West Bengal,2010.0,401.0,,1279.0,196,50.0
Andhra Pradesh,2001.0,5.0,,96.0,12,63.0
Arunachal Pradesh,2001.0,0.0,,3597.0,4,4.0
Assam,2001.0,0.0,,132.0,273,59.0
Bihar,2001.0,0.0,,1522.0,45,74.0
Chandigarh,2001.0,0.0,,13.0,997,0.0
Chhattisgarh,2001.0,0.0,,2783.0,743,74.0
Delhi,2001.0,37.0,,83.0,71,82.0
Gujarat,2001.0,3.0,,1356.0,36,9.0
Haryana,2001.0,12.0,,3643.0,399,73.0
Himachal Pradesh,2001.0,1.0,,15.0,380,88.0
Jammu & Kashmir,2001.0,4.0,,1657.0,264,5.0
Jharkhand,2001.0,2.0,,3.0,0,83.0
Karnataka,2001.0,5.0,,574.0,371,112.0
Kerala,2001.0,42.0,,37.0,1812,5.0
Madhya Pradesh,2001.0,4.0,,1280.0,24,107.0
Maharashtra,2001.0,11.0,,818.0,32,149.0
Meghalaya,2001.0,1.0,,122.0,25,8.0
Mizoram,2001.0,0.0,,1412.0,13,141.0
Nagaland,2001.0,0.0,,1507.0,239,52.0
Odisha,2001.0,0.0,,1678.0,12,0.0
Punjab,2001.0,23.0,,489.0,227,52.0
Rajasthan,2001.0,41.0,,2.0,241,76.0
Tamil Nadu,2001.0,8.0,,2425.0,1,0.0
Uttar Pradesh,2001.0,17.0,,2950.0,156,76.0
Uttarakhand,2001.0,1.0,,233.0,44,54.0
West Bengal,2001.0,1.0,,169.0,864,2.0
Andhra Pradesh,2002.0,5.0,,31.0,0,52.0
Assam,2002.0,0.0,,109.0,997,20.0
Bihar,2002.0,0.0,,1005.0,0,0.0
Chhattisgarh,2002.0,0.0,,25.0,203,20.0
Daman & Diu,2002.0,0.0,,787.0,22,37.0
Delhi,2002.0,27.0,,1275.0,532,0.0
Goa,2002.0,1.0,,19.0,1290,37.0
Gujarat,2002.0,36.0,,1662.0,5,72.0
Haryana,2002.0,16.0,,240.0,87,0.0
Himachal Pradesh,2002.0,0.0,,8180.0,0,72.0
Jammu & Kashmir,2002.0,5.0,,381.0,0,83.0
Karnataka,2002.0,1.0,,1673.0,48,2.0
Kerala,2002.0,19.0,,17.0,7,81.0
Madhya Pradesh,2002.0,15.0,,2651.0,313,77.0
Maharashtra,2002.0,13.0,,61.0,76,3.0
Meghalaya,2002.0,0.0,,1253.0,4,74.0
Nagaland,2002.0,0.0,,3831.0,24,83.0
Odisha,2002.0,0.0,,31.0,503,3.0
Punjab,2002.0,5.0,,844.0,178,80.0
Rajasthan,2002.0,29.0,,11.0,140,92.0
Tamil Nadu,2002.0,2.0,,8.0,0,3.0
Uttar Pradesh,2002.0,25.0,,541.0,166,89.0
West Bengal,2002.0,8.0,,31.0,523,17.0
Andhra Pradesh,2003.0,6.0,,2327.0,20,1.0
Arunachal Pradesh,2003.0,0.0,,811.0,96,16.0
Assam,2003.0,0.0,,132.0,2,17.0
Bihar,2003.0,0.0,,1307.0,9,0.0
Chandigarh,2003.0,0.0,,1488.0,195,17.0
Chhattisgarh,2003.0,0.0,,1704.0,1,14.0
Daman & Diu,2003.0,0.0,,454.0,45,0.0
Delhi,2003.0,18.0,,2395.0,55,14.0
Gujarat,2003.0,36.0,,2991.0,0,18.0
Haryana,2003.0,32.0,,222.0,158,0.0
Himachal Pradesh,2003.0,0.0,,184.0,26,18.0
Jammu & Kashmir,2003.0,0.0,,29.0,622,17.0
Jharkhand,2003.0,0.0,,108.0,32,0.0
Karnataka,2003.0,4.0,,1148.0,274,17.0
Kerala,2003.0,4.0,,31.0,1,23.0
Maharashtra,2003.0,15.0,,772.0,193,0.0
Meghalaya,2003.0,0.0,,1324.0,22,23.0
Nagaland,2003.0,0.0,,13.0,473,13.0
Odisha,2003.0,0.0,,1787.0,1289,1.0
Punjab,2003.0,17.0,,201.0,1,12.0
Rajasthan,2003.0,38.0,,7538.0,144,19.0
Tamil Nadu,2003.0,2.0,,335.0,1,1.0
Uttar Pradesh,2003.0,34.0,,1453.0,2,18.0
West Bengal,2003.0,1.0,,21.0,47,22.0
Andhra Pradesh,2004.0,15.0,,2914.0,5,0.0
Arunachal Pradesh,2004.0,0.0,,77.0,777,22.0
Assam,2004.0,21.0,,1191.0,61,16.0
Bihar,2004.0,0.0,,3772.0,0,1.0
Chandigarh,2004.0,2.0,,21.0,42,15.0
Chhattisgarh,2004.0,0.0,,797.0,580,790.0
Delhi,2004.0,10.0,,11.0,178,4.0
Gujarat,2004.0,46.0,,6.0,125,786.0
Haryana,2004.0,2.0,,502.0,0,691.0
Himachal Pradesh,2004.0,1.0,,34.0,136,1.0
Karnataka,2004.0,12.0,,1164.0,542,690.0
Kerala,2004.0,4.0,,748.0,3,725.0
Madhya Pradesh,2004.0,7.0,,130.0,64,0.0
Maharashtra,2004.0,21.0,,1115.0,5,725.0
Manipur,2004.0,0.0,,1482.0,15,770.0
Meghalaya,2004.0,0.0,,1576.0,230,1.0
Mizoram,2004.0,0.0,,435.0,2,769.0
Nagaland,2004.0,0.0,,2227.0,50,799.0
Odisha,2004.0,35.0,,2951.0,45,7.0
Puducherry,2004.0,1.0,,185.0,0,792.0
Punjab,2004.0,1.0,,175.0,174,985.0
Rajasthan,2004.0,12.0,,46.0,29,0.0
Sikkim,2004.0,0.0,,91.0,327,985.0
Tamil Nadu,2004.0,2.0,,1102.0,25,939.0
Uttar Pradesh,2004.0,24.0,,30.0,204,0.0
Uttarakhand,2004.0,1.0,,769.0,2,939.0
West Bengal,2004.0,0.0,,1284.0,173,1113.0
Andhra Pradesh,2005.0,0.0,,16.0,37,17.0
Arunachal Pradesh,2005.0,0.0,,1654.0,471,1096.0
Assam,2005.0,1.0,,254.0,1221,1023.0
Bihar,2005.0,0.0,,5284.0,3,6.0
Chandigarh,2005.0,0.0,,293.0,140,1017.0
Chhattisgarh,2005.0,0.0,,1464.0,4,1025.0
Delhi,2005.0,7.0,,15.0,4,37.0
Gujarat,2005.0,55.0,,2640.0,28,988.0
Haryana,2005.0,13.0,,67.0,4,9.0
Himachal Pradesh,2005.0,1.0,,1214.0,330,0.0
Jammu & Kashmir,2005.0,0.0,,3948.0,63,9.0
Jharkhand,2005.0,2.0,,22.0,8,6.0
Karnataka,2005.0,4.0,,927.0,23,0.0
Kerala,2005.0,24.0,,11.0,682,6.0
Madhya Pradesh,2005.0,0.0,,3.0,220,2.0
Maharashtra,2005.0,13.0,,510.0,118,0.0
Manipur,2005.0,0.0,,42.0,0,2.0
Meghalaya,2005.0,0.0,,1169.0,153,4.0
Mizoram,2005.0,0.0,,742.0,504,0.0
Nagaland,2005.0,0.0,,110.0,3,4.0
Odisha,2005.0,0.0,,989.0,83,6.0
Punjab,2005.0,4.0,,1488.0,5,0.0
Rajasthan,2005.0,25.0,,1567.0,19,6.0
Tamil Nadu,2005.0,1.0,,427.0,176,9.0
Uttar Pradesh,2005.0,72.0,,2380.0,2,0.0
West Bengal,2005.0,0.0,,2777.0,30,9.0
Andhra Pradesh,2006.0,24.0,,193.0,34,9.0
Arunachal Pradesh,2006.0,0.0,,157.0,2,0.0
Assam,2006.0,4.0,,35.0,95,9.0
Bihar,2006.0,2.0,,73.0,36,8.0
Chandigarh,2006.0,0.0,,1137.0,227,0.0
Chhattisgarh,2006.0,28.0,,25.0,18,8.0
Delhi,2006.0,5.0,,802.0,217,1.0
Gujarat,2006.0,8.0,,1292.0,0,0.0
Haryana,2006.0,14.0,,18.0,152,1.0
Himachal Pradesh,2006.0,3.0,,1544.0,30,3.0
Jammu & Kashmir,2006.0,0.0,,226.0,360,0.0
Jharkhand,2006.0,1.0,,6665.0,1319,3.0
Karnataka,2006.0,15.0,,267.0,0,298.0
Kerala,2006.0,15.0,,1433.0,106,0.0
Madhya Pradesh,2006.0,0.0,,15.0,3,298.0
Maharashtra,2006.0,46.0,,2928.0,0,299.0
Manipur,2006.0,0.0,,81.0,30,4.0
Meghalaya,2006.0,0.0,,1194.0,5,295.0
Mizoram,2006.0,1.0,,3471.0,348,380.0
Nagaland,2006.0,0.0,,18.0,52,9.0
Odisha,2006.0,0.0,,1050.0,1,371.0
Punjab,2006.0,2.0,,7.0,28,390.0
Rajasthan,2006.0,24.0,,5.0,580,65.0
Uttar Pradesh,2006.0,68.0,,533.0,177,325.0
West Bengal,2006.0,1.0,,49.0,114,398.0
Andhra Pradesh,2007.0,2.0,,1103.0,0,50.0
Arunachal Pradesh,2007.0,0.0,,812.0,147,348.0
Assam,2007.0,8.0,,118.0,623,442.0
Bihar,2007.0,0.0,,746.0,2,1.0
Chandigarh,2007.0,0.0,,1523.0,71,441.0
Chhattisgarh,2007.0,0.0,,1673.0,10,519.0
Delhi,2007.0,10.0,,431.0,9,7.0
Gujarat,2007.0,22.0,,1.0,238,512.0
Haryana,2007.0,7.0,,2428.0,0,517.0
Himachal Pradesh,2007.0,17.0,,2745.0,17,2.0
Jammu & Kashmir,2007.0,5.0,,295.0,54,515.0
Karnataka,2007.0,25.0,,138.0,0,511.0
Kerala,2007.0,10.0,,35.0,72,8.0
Madhya Pradesh,2007.0,24.0,,91.0,27,503.0
Maharashtra,2007.0,28.0,,1133.0,254,546.0
Manipur,2007.0,0.0,,19.0,31,17.0
Meghalaya,2007.0,0.0,,744.0,212,529.0
Mizoram,2007.0,0.0,,1246.0,0,1049.0
Nagaland,2007.0,0.0,,9.0,245,18.0
Odisha,2007.0,0.0,,1511.0,23,1031.0
Punjab,2007.0,5.0,,158.0,334,1051.0
Rajasthan,2007.0,13.0,,6365.0,1212,31.0
Tamil Nadu,2007.0,3.0,,290.0,0,1020.0
Uttar Pradesh,2007.0,51.0,,1454.0,204,1050.0
West Bengal,2007.0,2.0,,5.0,3,32.0
Andaman & Nicobar Islands,2008.0,1.0,,2940.0,4,1018.0
Andhra Pradesh,2008.0,3.0,,60.0,27,1038.0
Arunachal Pradesh,2008.0,0.0,,1207.0,2,39.0
Assam,2008.0,4.0,,3249.0,277,999.0
Bihar,2008.0,2.0,,14.0,87,993.0
Chandigarh,2008.0,1.0,,1098.0,6,33.0
Chhattisgarh,2008.0,0.0,,9.0,13,960.0
Delhi,2008.0,8.0,,7.0,592,1085.0
Goa,2008.0,1.0,,488.0,208,42.0
Gujarat,2008.0,21.0,,40.0,97,1043.0
Haryana,2008.0,8.0,,1214.0,0,1238.0
Himachal Pradesh,2008.0,0.0,,899.0,147,42.0
Jammu & Kashmir,2008.0,0.0,,129.0,625,1196.0
Jharkhand,2008.0,1.0,,641.0,4,1355.0
Karnataka,2008.0,4.0,,1492.0,63,40.0
Kerala,2008.0,5.0,,1677.0,3,1315.0
Maharashtra,2008.0,22.0,,426.0,12,1519.0
Manipur,2008.0,0.0,,2330.0,184,36.0
Meghalaya,2008.0,0.0,,2961.0,1,1483.0
Mizoram,2008.0,0.0,,238.0,27,1571.0
Nagaland,2008.0,0.0,,157.0,39,24.0
Odisha,2008.0,0.0,,25.0,2,1547.0
Punjab,2008.0,2.0,,123.0,73,8.0
Rajasthan,2008.0,97.0,,1167.0,22,1.0
Tamil Nadu,2008.0,0.0,,30.0,216,7.0
Uttar Pradesh,2008.0,17.0,,851.0,44,6.0
West Bengal,2008.0,0.0,,1238.0,211,1.0
Andhra Pradesh,2009.0,1.0,,21.0,0,5.0
Arunachal Pradesh,2009.0,0.0,,1418.0,174,10.0
Assam,2009.0,3.0,,165.0,28,0.0
Bihar,2009.0,1.0,,5762.0,319,10.0
Chandigarh,2009.0,1.0,,285.0,1001,3.0
Chhattisgarh,2009.0,0.0,,1442.0,1,0.0
Delhi,2009.0,13.0,,15.0,160,3.0
Goa,2009.0,1.0,,2850.0,5,18.0
Gujarat,2009.0,11.0,,68.0,8,1.0
Haryana,2009.0,6.0,,1374.0,14,17.0
Himachal Pradesh,2009.0,0.0,,3081.0,7,20.0
Jammu & Kashmir,2009.0,0.0,,20.0,280,0.0
Jharkhand,2009.0,1.0,,1097.0,104,20.0
Karnataka,2009.0,5.0,,10.0,7,24.0
Kerala,2009.0,3.0,,12.0,10,4.0
Madhya Pradesh,2009.0,0.0,,511.0,534,20.0
Maharashtra,2009.0,10.0,,34.0,202,20.0
Manipur,2009.0,0.0,,1214.0,119,1.0
Meghalaya,2009.0,0.0,,942.0,0,19.0
Odisha,2009.0,0.0,,132.0,151,18.0
Punjab,2009.0,1.0,,366.0,659,0.0
Rajasthan,2009.0,5.0,,1617.0,2,18.0
Tamil Nadu,2009.0,4.0,,1586.0,57,18.0
Tripura,2009.0,1.0,,393.0,4,2.0
Uttar Pradesh,2009.0,20.0,,2315.0,15,16.0
West Bengal,2009.0,1.0,,2793.0,239,423.0
Andhra Pradesh,2010.0,65.0,,295.0,2,21.0
Arunachal Pradesh,2010.0,0.0,,114.0,35,402.0
Assam,2010.0,2.0,,43.0,35,534.0
Chandigarh,2010.0,0.0,,118.0,0,0.0
Chhattisgarh,2010.0,0.0,,1235.0,95,534.0
Delhi,2010.0,6.0,,35.0,18,557.0
Gujarat,2010.0,1.0,,826.0,107,40.0
Haryana,2010.0,9.0,,1359.0,30,517.0
Himachal Pradesh,2010.0,0.0,,9.0,177,618.0
Jammu & Kashmir,2010.0,5.0,,1711.0,5,36.0
Jharkhand,2010.0,0.0,,150.0,138,582.0
Karnataka,2010.0,1.0,,5182.0,16,571.0
Kerala,2010.0,0.0,,268.0,299,11.0
Maharashtra,2010.0,11.0,,1653.0,686,560.0
Manipur,2010.0,0.0,,8.0,2,457.0
Meghalaya,2010.0,0.0,,2762.0,115,1.0
Mizoram,2010.0,0.0,,72.0,1,456.0
Nagaland,2010.0,0.0,,1426.0,3,523.0
Odisha,2010.0,0.0,,3139.0,34,2.0
Punjab,2010.0,8.0,,17.0,7,521.0
Rajasthan,2010.0,26.0,,1169.0,232,573.0
Tamil Nadu,2010.0,1.0,,9.0,139,1.0
Uttar Pradesh,2010.0,10.0,,2.0,4,572.0
Uttarakhand,2010.0,1.0,,589.0,11,596.0
West Bengal,2010.0,1.0,,53.0,523,4.0
Andhra Pradesh,2001.0,1.0,,1145.0,178,592.0
Arunachal Pradesh,2001.0,0.0,,970.0,108,686.0
Assam,2001.0,0.0,,130.0,0,0.0
Bihar,2001.0,7.0,,266.0,143,686.0
Chandigarh,2001.0,7.0,,1697.0,709,102.0
Chhattisgarh,2001.0,8.0,,1800.0,3,0.0
Delhi,2001.0,122.0,,379.0,55,102.0
Goa,2001.0,3.0,,1.0,0,108.0
Gujarat,2001.0,53.0,,2351.0,7,0.0
Haryana,2001.0,71.0,,2976.0,247,108.0
Himachal Pradesh,2001.0,10.0,,268.0,1,114.0
Jammu & Kashmir,2001.0,0.0,,126.0,37,0.0
Jharkhand,2001.0,8.0,,35.0,71,114.0
Karnataka,2001.0,65.0,,147.0,0,160.0
Kerala,2001.0,58.0,,1250.0,88,1.0
Madhya Pradesh,2001.0,19.0,,35.0,14,159.0
Maharashtra,2001.0,263.0,,815.0,125,162.0
Meghalaya,2001.0,8.0,,1320.0,33,0.0
Mizoram,2001.0,1.0,,9.0,146,162.0
Nagaland,2001.0,0.0,,1824.0,0,189.0
Odisha,2001.0,6.0,,166.0,108,4.0
Punjab,2001.0,83.0,,4699.0,14,185.0
Rajasthan,2001.0,71.0,,261.0,312,157.0
Tamil Nadu,2001.0,22.0,,1811.0,686,0.0
Uttar Pradesh,2001.0,29.0,,18.0,1,157.0
Uttarakhand,2001.0,5.0,,2475.0,124,204.0
West Bengal,2001.0,2.0,,59.0,1,0.0
Andhra Pradesh,2002.0,7.0,,1323.0,2,204.0
Assam,2002.0,0.0,,3179.0,24,190.0
Bihar,2002.0,9.0,,22.0,2,0.0
Chandigarh,2002.0,3.0,,1083.0,245,190.0
Chhattisgarh,2002.0,3.0,,10.0,120,238.0
Daman & Diu,2002.0,0.0,,5.0,6,0.0
Delhi,2002.0,227.0,,571.0,2,238.0
Goa,2002.0,4.0,,57.0,416,1958.0
Gujarat,2002.0,45.0,,1059.0,268,3.0
Haryana,2002.0,106.0,,1007.0,85,1955.0
Himachal Pradesh,2002.0,20.0,,133.0,0,1415.0
Jammu & Kashmir,2002.0,26.0,,262.0,160,12.0
Karnataka,2002.0,40.0,,1636.0,795,1403.0
Kerala,2002.0,18.0,,1752.0,1,911.0
Madhya Pradesh,2002.0,0.0,,369.0,48,10.0
Maharashtra,2002.0,184.0,,2402.0,2,901.0
Meghalaya,2002.0,2.0,,2712.0,6,1397.0
Nagaland,2002.0,3.0,,174.0,303,35.0
Odisha,2002.0,0.0,,128.0,10,1362.0
Punjab,2002.0,80.0,,31.0,40,1217.0
Rajasthan,2002.0,55.0,,49.0,59,70.0
Tamil Nadu,2002.0,20.0,,1266.0,1,1147.0
Uttar Pradesh,2002.0,44.0,,39.0,100,1314.0
West Bengal,2002.0,37.0,,861.0,13,0.0
Andhra Pradesh,2003.0,17.0,,1417.0,103,1314.0
Arunachal Pradesh,2003.0,0.0,,20.0,10,1648.0
Assam,2003.0,0.0,,1857.0,184,1.0
Bihar,2003.0,7.0,,148.0,0,1647.0
Chandigarh,2003.0,6.0,,4679.0,101,1871.0
Chhattisgarh,2003.0,2.0,,195.0,20,1.0
Daman & Diu,2003.0,0.0,,2161.0,251,1870.0
Delhi,2003.0,113.0,,10.0,654,1759.0
Goa,2003.0,2.0,,2538.0,4,2.0
Gujarat,2003.0,49.0,,75.0,134,1757.0
Haryana,2003.0,139.0,,1223.0,9,1563.0
Himachal Pradesh,2003.0,43.0,,3362.0,0,4.0
Jammu & Kashmir,2003.0,0.0,,22.0,36,1559.0
Jharkhand,2003.0,0.0,,1065.0,4,74.0
Karnataka,2003.0,47.0,,6.0,243,0.0
Kerala,2003.0,20.0,,5.0,153,74.0
Madhya Pradesh,2003.0,12.0,,577.0,4,89.0
Maharashtra,2003.0,220.0,,35.0,1,16.0
Meghalaya,2003.0,1.0,,1082.0,412,73.0
Nagaland,2003.0,1.0,,1044.0,273,107.0
Odisha,2003.0,4.0,,133.0,102,2.0
Puducherry,2003.0,2.0,,235.0,3,105.0
Punjab,2003.0,92.0,,1752.0,117,115.0
Rajasthan,2003.0,46.0,,1878.0,772,13.0
Tamil Nadu,2003.0,36.0,,405.0,1,102.0
Uttar Pradesh,2003.0,34.0,,2441.0,60,133.0
Uttarakhand,2003.0,2.0,,2837.0,2,3.0
West Bengal,2003.0,17.0,,101.0,8,130.0
Andhra Pradesh,2004.0,16.0,,137.0,380,147.0
Arunachal Pradesh,2004.0,0.0,,48.0,7,6.0
Assam,2004.0,2.0,,47.0,37,141.0
Bihar,2004.0,16.0,,1319.0,53,117.0
Chandigarh,2004.0,7.0,,34.0,0,8.0
Chhattisgarh,2004.0,0.0,,945.0,97,109.0
Delhi,2004.0,264.0,,1421.0,7,87.0
Goa,2004.0,3.0,,17.0,149,6.0
Gujarat,2004.0,44.0,,1908.0,24,81.0
Haryana,2004.0,288.0,,159.0,214,111.0
Himachal Pradesh,2004.0,11.0,,4456.0,1,6.0
Jammu & Kashmir,2004.0,1.0,,176.0,133,105.0
Karnataka,2004.0,52.0,,2415.0,15,121.0
Kerala,2004.0,42.0,,,248,11.0
Madhya Pradesh,2004.0,69.0,,,644,110.0
Maharashtra,2004.0,250.0,,,5,709.0
Manipur,2004.0,1.0,,,122,0.0
Meghalaya,2004.0,7.0,,,2,709.0
Mizoram,2004.0,0.0,,,6,759.0
Nagaland,2004.0,1.0,,,32,0.0
Odisha,2004.0,0.0,,,2,759.0
Puducherry,2004.0,2.0,,,180,1002.0
Punjab,2004.0,59.0,,,147,15.0
Rajasthan,2004.0,60.0,,,2,987.0
Tamil Nadu,2004.0,29.0,,,5,1475.0
Tripura,2004.0,4.0,,,335,24.0
Uttar Pradesh,2004.0,60.0,,,272,1451.0
Uttarakhand,2004.0,2.0,,,71,1686.0
West Bengal,2004.0,7.0,,,0,36.0
Andhra Pradesh,2005.0,60.0,,,110,1650.0
Arunachal Pradesh,2005.0,0.0,,,765,1731.0
Assam,2005.0,134.0,,,0,6.0
Bihar,2005.0,6.0,,,33,1725.0
Chandigarh,2005.0,4.0,,,3,2106.0
Chhattisgarh,2005.0,0.0,,,3,114.0
Dadra & Nagar Haveli,2005.0,5.0,,,346,1992.0
Delhi,2005.0,251.0,,,2,2263.0
Goa,2005.0,6.0,,,65,9.0
Gujarat,2005.0,35.0,,,36,2254.0
Haryana,2005.0,192.0,,,1,2336.0
Himachal Pradesh,2005.0,23.0,,,85,3.0
Jammu & Kashmir,2005.0,6.0,,,16,2333.0
Jharkhand,2005.0,8.0,,,170,2311.0
Karnataka,2005.0,70.0,,,9,4.0
Kerala,2005.0,73.0,,,288,2307.0
Madhya Pradesh,2005.0,0.0,,,0,
Maharashtra,2005.0,266.0,,,360,
Manipur,2005.0,0.0,,,20,
Meghalaya,2005.0,2.0,,,395,
Mizoram,2005.0,0.0,,,1164,
Nagaland,2005.0,0.0,,,2,
Odisha,2005.0,7.0,,,366,
Punjab,2005.0,75.0,,,12,
Rajasthan,2005.0,109.0,,,7,
Tamil Nadu,2005.0,24.0,,,1714,
Tripura,2005.0,2.0,,,34,
Uttar Pradesh,2005.0,65.0,,,1243,
Uttarakhand,2005.0,8.0,,,326,
West Bengal,2005.0,12.0,,,76,
Andhra Pradesh,2006.0,23.0,,,0,
Arunachal Pradesh,2006.0,0.0,,,253,
Assam,2006.0,108.0,,,325,
Bihar,2006.0,4.0,,,1,
Chandigarh,2006.0,2.0,,,0,
Chhattisgarh,2006.0,0.0,,,1331,
Delhi,2006.0,164.0,,,2491,
Goa,2006.0,13.0,,,91,
Gujarat,2006.0,33.0,,,32,
Haryana,2006.0,259.0,,,186,
Himachal Pradesh,2006.0,8.0,,,133,
Jammu & Kashmir,2006.0,14.0,,,187,
Jharkhand,2006.0,33.0,,,2,
Karnataka,2006.0,62.0,,,481,
Kerala,2006.0,133.0,,,2341,
Madhya Pradesh,2006.0,0.0,,,1,
Maharashtra,2006.0,267.0,,,839,
Manipur,2006.0,0.0,,,29,
Meghalaya,2006.0,0.0,,,991,
Mizoram,2006.0,1.0,,,0,
Nagaland,2006.0,1.0,,,2113,
Odisha,2006.0,4.0,,,0,
Puducherry,2006.0,9.0,,,491,
Punjab,2006.0,106.0,,,34,
Rajasthan,2006.0,91.0,,,572,
Sikkim,2006.0,2.0,,,1216,
Tamil Nadu,2006.0,17.0,,,10,
Uttar Pradesh,2006.0,50.0,,,92,
Uttarakhand,2006.0,12.0,,,8,
West Bengal,2006.0,44.0,,,10,
Andhra Pradesh,2007.0,44.0,,,2703,
Arunachal Pradesh,2007.0,0.0,,,56,
Assam,2007.0,136.0,,,1155,
Bihar,2007.0,5.0,,,341,
Chandigarh,2007.0,17.0,,,66,
Chhattisgarh,2007.0,0.0,,,0,
Dadra & Nagar Haveli,2007.0,2.0,,,182,
Daman & Diu,2007.0,1.0,,,378,
Delhi,2007.0,153.0,,,400,
Goa,2007.0,8.0,,,0,
Gujarat,2007.0,33.0,,,876,
Haryana,2007.0,421.0,,,2803,
Himachal Pradesh,2007.0,41.0,,,93,
Jammu & Kashmir,2007.0,19.0,,,32,
Jharkhand,2007.0,0.0,,,16,
Karnataka,2007.0,67.0,,,56,
Kerala,2007.0,100.0,,,22,
Madhya Pradesh,2007.0,122.0,,,1,
Maharashtra,2007.0,376.0,,,614,
Manipur,2007.0,1.0,,,1073,
Meghalaya,2007.0,12.0,,,4,
Mizoram,2007.0,0.0,,,827,
Nagaland,2007.0,0.0,,,60,
Odisha,2007.0,13.0,,,815,
Puducherry,2007.0,6.0,,,0,
Punjab,2007.0,157.0,,,5016,
Rajasthan,2007.0,106.0,,,0,
Sikkim,2007.0,2.0,,,195,
Tamil Nadu,2007.0,59.0,,,28,
Tripura,2007.0,1.0,,,562,
Uttar Pradesh,2007.0,139.0,,,1341,
Uttarakhand,2007.0,4.0,,,89,
West Bengal,2007.0,22.0,,,260,
Andhra Pradesh,2008.0,21.0,,,12,
Arunachal Pradesh,2008.0,0.0,,,8,
Assam,2008.0,23.0,,,2611,
Bihar,2008.0,2.0,,,77,
Chandigarh,2008.0,4.0,,,1426,
Chhattisgarh,2008.0,0.0,,,606,
Dadra & Nagar Haveli,2008.0,8.0,,,63,
Daman & Diu,2008.0,1.0,,,0,
Delhi,2008.0,181.0,,,219,
Goa,2008.0,17.0,,,715,
Gujarat,2008.0,48.0,,,235,
Haryana,2008.0,331.0,,,0,
Himachal Pradesh,2008.0,30.0,,,855,
Jammu & Kashmir,2008.0,1.0,,,2978,
Jharkhand,2008.0,15.0,,,78,
Karnataka,2008.0,59.0,,,19,
Kerala,2008.0,58.0,,,228,
Maharashtra,2008.0,586.0,,,76,
Manipur,2008.0,0.0,,,59,
Meghalaya,2008.0,9.0,,,2,
Mizoram,2008.0,0.0,,,1033,
Nagaland,2008.0,8.0,,,2300,
Odisha,2008.0,12.0,,,4,
Puducherry,2008.0,7.0,,,104,
Punjab,2008.0,124.0,,,25,
Rajasthan,2008.0,144.0,,,352,
Sikkim,2008.0,2.0,,,0,
Tamil Nadu,2008.0,65.0,,,1470,
Uttar Pradesh,2008.0,170.0,,,0,
Uttarakhand,2008.0,7.0,,,192,
West Bengal,2008.0,12.0,,,26,
Andhra Pradesh,2009.0,94.0,,,714,
Arunachal Pradesh,2009.0,0.0,,,1384,
Assam,2009.0,22.0,,,101,
Bihar,2009.0,38.0,,,1261,
Chandigarh,2009.0,1.0,,,22,
Chhattisgarh,2009.0,0.0,,,6,
Delhi,2009.0,173.0,,,3097,
Goa,2009.0,15.0,,,52,
Gujarat,2009.0,93.0,,,1239,
Haryana,2009.0,276.0,,,722,
Himachal Pradesh,2009.0,21.0,,,78,
Jammu & Kashmir,2009.0,41.0,,,0,
Jharkhand,2009.0,32.0,,,182,
Karnataka,2009.0,115.0,,,524,
Kerala,2009.0,84.0,,,273,
Madhya Pradesh,2009.0,0.0,,,0,
Maharashtra,2009.0,730.0,,,862,
Manipur,2009.0,0.0,,,3344,
Meghalaya,2009.0,7.0,,,52,
Nagaland,2009.0,13.0,,,21,
Odisha,2009.0,21.0,,,0,
Puducherry,2009.0,3.0,,,11,
Punjab,2009.0,128.0,,,27,
Rajasthan,2009.0,184.0,,,2,
Sikkim,2009.0,2.0,,,596,
Tamil Nadu,2009.0,55.0,,,1116,
Tripura,2009.0,3.0,,,22,
Uttar Pradesh,2009.0,168.0,,,76,
Uttarakhand,2009.0,29.0,,,61,
West Bengal,2009.0,38.0,,,741,
Andhra Pradesh,2010.0,15.0,,,0,
Arunachal Pradesh,2010.0,0.0,,,1495,
Assam,2010.0,11.0,,,0,
Bihar,2010.0,27.0,,,192,
Chandigarh,2010.0,7.0,,,19,
Chhattisgarh,2010.0,0.0,,,693,
Dadra & Nagar Haveli,2010.0,5.0,,,1319,
Daman & Diu,2010.0,1.0,,,147,
Delhi,2010.0,201.0,,,223,
Goa,2010.0,14.0,,,10,
Gujarat,2010.0,121.0,,,3,
Haryana,2010.0,349.0,,,3514,
Himachal Pradesh,2010.0,0.0,,,38,
Jammu & Kashmir,2010.0,45.0,,,1214,
Jharkhand,2010.0,0.0,,,556,
Karnataka,2010.0,47.0,,,70,
Kerala,2010.0,62.0,,,0,
Maharashtra,2010.0,595.0,,,146,
Manipur,2010.0,0.0,,,347,
Meghalaya,2010.0,2.0,,,894,
Mizoram,2010.0,0.0,,,0,
Nagaland,2010.0,5.0,,,646,
Odisha,2010.0,48.0,,,4205,
Punjab,2010.0,103.0,,,20,
Rajasthan,2010.0,224.0,,,19,
Tamil Nadu,2010.0,34.0,,,32,
Tripura,2010.0,2.0,,,13,
Uttar Pradesh,2010.0,161.0,,,34,
Uttarakhand,2010.0,17.0,,,2,
West Bengal,2010.0,56.0,,,430,
Andhra Pradesh,2001.0,75.0,,,678,
Arunachal Pradesh,2001.0,0.0,,,0,
Assam,2001.0,218.0,,,74,
Bihar,2001.0,8.0,,,30,
Chandigarh,2001.0,0.0,,,398,
Chhattisgarh,2001.0,39.0,,,0,
Dadra & Nagar Haveli,2001.0,1.0,,,1420,
Delhi,2001.0,562.0,,,0,
Gujarat,2001.0,191.0,,,196,
Haryana,2001.0,227.0,,,16,
Himachal Pradesh,2001.0,0.0,,,528,
Jammu & Kashmir,2001.0,0.0,,,831,
Jharkhand,2001.0,2.0,,,131,
Karnataka,2001.0,109.0,,,190,
Kerala,2001.0,158.0,,,10,
Madhya Pradesh,2001.0,255.0,,,3,
Maharashtra,2001.0,409.0,,,3596,
Manipur,2001.0,8.0,,,37,
Meghalaya,2001.0,6.0,,,1193,
Mizoram,2001.0,3.0,,,669,
Nagaland,2001.0,2.0,,,54,
Odisha,2001.0,184.0,,,0,
Punjab,2001.0,53.0,,,426,
Rajasthan,2001.0,84.0,,,367,
Tamil Nadu,2001.0,175.0,,,606,
Uttar Pradesh,2001.0,133.0,,,0,
West Bengal,2001.0,173.0,,,859,
Andhra Pradesh,2002.0,223.0,,,4189,
Assam,2002.0,173.0,,,151,
Bihar,2002.0,21.0,,,10,
Chandigarh,2002.0,0.0,,,14,
Chhattisgarh,2002.0,243.0,,,6,
Daman & Diu,2002.0,0.0,,,93,
Delhi,2002.0,427.0,,,2,
Gujarat,2002.0,292.0,,,715,
Haryana,2002.0,232.0,,,442,
Himachal Pradesh,2002.0,2.0,,,0,
Jammu & Kashmir,2002.0,55.0,,,160,
Jharkhand,2002.0,17.0,,,212,
Karnataka,2002.0,341.0,,,364,
Kerala,2002.0,46.0,,,0,
Madhya Pradesh,2002.0,287.0,,,1466,
Maharashtra,2002.0,225.0,,,0,
Manipur,2002.0,5.0,,,254,
Meghalaya,2002.0,5.0,,,11,
Mizoram,2002.0,2.0,,,6004,
Nagaland,2002.0,19.0,,,658,
Odisha,2002.0,199.0,,,193,
Puducherry,2002.0,4.0,,,142,
Punjab,2002.0,58.0,,,10,
Rajasthan,2002.0,59.0,,,6,
Tamil Nadu,2002.0,178.0,,,3579,
Tripura,2002.0,1.0,,,36,
Uttar Pradesh,2002.0,109.0,,,999,
Uttarakhand,2002.0,2.0,,,941,
West Bengal,2002.0,103.0,,,75,
Andaman & Nicobar Islands,2003.0,1.0,,,418,
Andhra Pradesh,2003.0,478.0,,,188,
Arunachal Pradesh,2003.0,0.0,,,606,
Assam,2003.0,49.0,,,2665,
Bihar,2003.0,32.0,,,4,
Chandigarh,2003.0,2.0,,,798,
Chhattisgarh,2003.0,276.0,,,4578,
Dadra & Nagar Haveli,2003.0,1.0,,,336,
Daman & Diu,2003.0,0.0,,,32,
Delhi,2003.0,571.0,,,102,
Gujarat,2003.0,367.0,,,8,
Haryana,2003.0,349.0,,,1203,
Himachal Pradesh,2003.0,5.0,,,3,
Jammu & Kashmir,2003.0,69.0,,,938,
Jharkhand,2003.0,19.0,,,946,
Karnataka,2003.0,334.0,,,0,
Kerala,2003.0,62.0,,,102,
Madhya Pradesh,2003.0,191.0,,,20,
Maharashtra,2003.0,103.0,,,556,
Manipur,2003.0,4.0,,,0,
Meghalaya,2003.0,5.0,,,1889,
Mizoram,2003.0,5.0,,,0,
Nagaland,2003.0,12.0,,,663,
Odisha,2003.0,254.0,,,45,
Puducherry,2003.0,2.0,,,1177,
Punjab,2003.0,43.0,,,1074,
Rajasthan,2003.0,36.0,,,220,
Tamil Nadu,2003.0,60.0,,,150,
Uttar Pradesh,2003.0,114.0,,,24,
Uttarakhand,2003.0,18.0,,,3,
West Bengal,2003.0,122.0,,,2870,
Andaman & Nicobar Islands,2004.0,1.0,,,70,
Andhra Pradesh,2004.0,439.0,,,887,
Arunachal Pradesh,2004.0,0.0,,,986,
Assam,2004.0,71.0,,,72,
Bihar,2004.0,53.0,,,202,
Chandigarh,2004.0,12.0,,,156,
Chhattisgarh,2004.0,129.0,,,503,
Dadra & Nagar Haveli,2004.0,4.0,,,2329,
Delhi,2004.0,458.0,,,0,
Goa,2004.0,1.0,,,569,
Gujarat,2004.0,175.0,,,5195,
Haryana,2004.0,96.0,,,356,
Himachal Pradesh,2004.0,11.0,,,275,
Jammu & Kashmir,2004.0,80.0,,,47,
Jharkhand,2004.0,17.0,,,5,
Karnataka,2004.0,219.0,,,90,
Kerala,2004.0,1.0,,,2,
Madhya Pradesh,2004.0,205.0,,,1110,
Maharashtra,2004.0,152.0,,,182,
Manipur,2004.0,0.0,,,0,
Meghalaya,2004.0,4.0,,,105,
Mizoram,2004.0,0.0,,,35,
Nagaland,2004.0,48.0,,,264,
Odisha,2004.0,48.0,,,0,
Puducherry,2004.0,2.0,,,2363,
Punjab,2004.0,59.0,,,0,
Rajasthan,2004.0,30.0,,,435,
Sikkim,2004.0,3.0,,,20,
Tamil Nadu,2004.0,201.0,,,763,
Uttar Pradesh,2004.0,126.0,,,1068,
Uttarakhand,2004.0,7.0,,,234,
West Bengal,2004.0,318.0,,,155,
Andaman & Nicobar Islands,2005.0,1.0,,,20,
Andhra Pradesh,2005.0,399.0,,,0,
Arunachal Pradesh,2005.0,0.0,,,2345,
Assam,2005.0,24.0,,,40,
Bihar,2005.0,62.0,,,806,
Chandigarh,2005.0,6.0,,,1013,
Chhattisgarh,2005.0,110.0,,,92,
Daman & Diu,2005.0,5.0,,,176,
Delhi,2005.0,536.0,,,247,
Gujarat,2005.0,180.0,,,883,
Haryana,2005.0,233.0,,,2365,
Himachal Pradesh,2005.0,16.0,,,44,
Jammu & Kashmir,2005.0,43.0,,,768,
Jharkhand,2005.0,36.0,,,5599,
Karnataka,2005.0,224.0,,,213,
Kerala,2005.0,164.0,,,79,
Madhya Pradesh,2005.0,256.0,,,35,
Maharashtra,2005.0,287.0,,,235,
Manipur,2005.0,0.0,,,155,
Meghalaya,2005.0,4.0,,,2,
Mizoram,2005.0,0.0,,,1176,
Nagaland,2005.0,7.0,,,163,
Odisha,2005.0,43.0,,,0,
Puducherry,2005.0,2.0,,,111,
Punjab,2005.0,59.0,,,45,
Rajasthan,2005.0,61.0,,,222,
Tamil Nadu,2005.0,357.0,,,0,
Tripura,2005.0,2.0,,,2263,
Uttar Pradesh,2005.0,110.0,,,0,
Uttarakhand,2005.0,72.0,,,840,
West Bengal,2005.0,81.0,,,32,
Andaman & Nicobar Islands,2006.0,1.0,,,474,
Andhra Pradesh,2006.0,435.0,,,493,
Arunachal Pradesh,2006.0,0.0,,,243,
Assam,2006.0,210.0,,,183,
Bihar,2006.0,268.0,,,18,
Chandigarh,2006.0,8.0,,,1,
Chhattisgarh,2006.0,129.0,,,2624,
Delhi,2006.0,540.0,,,39,
Goa,2006.0,2.0,,,720,
Gujarat,2006.0,274.0,,,1214,
Haryana,2006.0,236.0,,,45,
Himachal Pradesh,2006.0,32.0,,,6,
Jammu & Kashmir,2006.0,191.0,,,428,
Jharkhand,2006.0,12.0,,,964,
Karnataka,2006.0,618.0,,,2590,
Kerala,2006.0,152.0,,,0,
Madhya Pradesh,2006.0,496.0,,,539,
Maharashtra,2006.0,145.0,,,6319,
Manipur,2006.0,7.0,,,156,
Meghalaya,2006.0,13.0,,,27,
Mizoram,2006.0,5.0,,,89,
Nagaland,2006.0,61.0,,,272,
Odisha,2006.0,61.0,,,188,
Puducherry,2006.0,2.0,,,0,
Punjab,2006.0,75.0,,,1273,
Rajasthan,2006.0,111.0,,,1568,
Tamil Nadu,2006.0,77.0,,,0,
Tripura,2006.0,1.0,,,153,
Uttar Pradesh,2006.0,202.0,,,129,
Uttarakhand,2006.0,12.0,,,467,
West Bengal,2006.0,68.0,,,0,
Andhra Pradesh,2007.0,349.0,,,1900,
Arunachal Pradesh,2007.0,0.0,,,4,
Assam,2007.0,848.0,,,622,
Bihar,2007.0,456.0,,,84,
Chandigarh,2007.0,5.0,,,687,
Chhattisgarh,2007.0,150.0,,,2201,
Delhi,2007.0,457.0,,,22,
Gujarat,2007.0,204.0,,,338,
Haryana,2007.0,325.0,,,2,
Himachal Pradesh,2007.0,7.0,,,0,
Jammu & Kashmir,2007.0,139.0,,,624,
Jharkhand,2007.0,123.0,,,24,
Karnataka,2007.0,558.0,,,953,
Kerala,2007.0,96.0,,,391,
Madhya Pradesh,2007.0,343.0,,,26,
Maharashtra,2007.0,98.0,,,161,
Manipur,2007.0,29.0,,,469,
Meghalaya,2007.0,21.0,,,847,
Mizoram,2007.0,4.0,,,472,
Nagaland,2007.0,60.0,,,0,
Odisha,2007.0,96.0,,,1764,
Puducherry,2007.0,3.0,,,2175,
Punjab,2007.0,213.0,,,19,
Rajasthan,2007.0,110.0,,,125,
Tamil Nadu,2007.0,181.0,,,11,
Tripura,2007.0,1.0,,,71,
Uttar Pradesh,2007.0,258.0,,,950,
Uttarakhand,2007.0,4.0,,,4,
West Bengal,2007.0,118.0,,,131,
Andhra Pradesh,2008.0,531.0,,,752,
Arunachal Pradesh,2008.0,0.0,,,2,
Assam,2008.0,88.0,,,670,
Bihar,2008.0,92.0,,,63,
Chandigarh,2008.0,1.0,,,3090,
Chhattisgarh,2008.0,68.0,,,191,
Dadra & Nagar Haveli,2008.0,2.0,,,660,
Delhi,2008.0,514.0,,,7,
Goa,2008.0,2.0,,,635,
Gujarat,2008.0,305.0,,,96,
Haryana,2008.0,241.0,,,607,
Himachal Pradesh,2008.0,27.0,,,2287,
Jammu & Kashmir,2008.0,78.0,,,26,
Jharkhand,2008.0,22.0,,,326,
Karnataka,2008.0,774.0,,,1,
Kerala,2008.0,157.0,,,1,
Madhya Pradesh,2008.0,487.0,,,502,
Maharashtra,2008.0,253.0,,,22,
Manipur,2008.0,6.0,,,1069,
Meghalaya,2008.0,23.0,,,330,
Mizoram,2008.0,3.0,,,15,
Nagaland,2008.0,33.0,,,163,
Odisha,2008.0,67.0,,,780,
Puducherry,2008.0,5.0,,,972,
Punjab,2008.0,86.0,,,590,
Rajasthan,2008.0,195.0,,,0,
Tamil Nadu,2008.0,58.0,,,1829,
Tripura,2008.0,8.0,,,2091,
Uttar Pradesh,2008.0,219.0,,,6,
Uttarakhand,2008.0,8.0,,,109,
West Bengal,2008.0,125.0,,,7,
Andhra Pradesh,2009.0,482.0,,,108,
Arunachal Pradesh,2009.0,0.0,,,934,
Assam,2009.0,106.0,,,6,
Bihar,2009.0,173.0,,,110,
Chandigarh,2009.0,1.0,,,637,
Chhattisgarh,2009.0,70.0,,,4,
Dadra & Nagar Haveli,2009.0,3.0,,,651,
Delhi,2009.0,465.0,,,56,
Goa,2009.0,1.0,,,2232,
Gujarat,2009.0,457.0,,,161,
Haryana,2009.0,431.0,,,544,
Himachal Pradesh,2009.0,15.0,,,7,
Jammu & Kashmir,2009.0,45.0,,,640,
Jharkhand,2009.0,0.0,,,60,
Karnataka,2009.0,217.0,,,523,
Kerala,2009.0,136.0,,,2463,
Madhya Pradesh,2009.0,454.0,,,12,
Maharashtra,2009.0,250.0,,,331,
Manipur,2009.0,16.0,,,6,
Meghalaya,2009.0,15.0,,,1,
Mizoram,2009.0,36.0,,,441,
Nagaland,2009.0,17.0,,,21,
Odisha,2009.0,61.0,,,1241,
Puducherry,2009.0,3.0,,,281,
Punjab,2009.0,97.0,,,17,
Rajasthan,2009.0,153.0,,,154,
Tamil Nadu,2009.0,80.0,,,808,
Tripura,2009.0,0.0,,,861,
Uttar Pradesh,2009.0,291.0,,,574,
Uttarakhand,2009.0,11.0,,,0,
West Bengal,2009.0,144.0,,,1577,
Andaman & Nicobar Islands,2010.0,1.0,,,2054,
Andhra Pradesh,2010.0,624.0,,,6,
Arunachal Pradesh,2010.0,1.0,,,133,
Assam,2010.0,26.0,,,21,
Bihar,2010.0,309.0,,,78,
Chandigarh,2010.0,0.0,,,864,
Chhattisgarh,2010.0,139.0,,,11,
Delhi,2010.0,458.0,,,108,
Goa,2010.0,1.0,,,579,
Gujarat,2010.0,461.0,,,3,
Haryana,2010.0,435.0,,,514,
Himachal Pradesh,2010.0,36.0,,,69,
Jammu & Kashmir,2010.0,74.0,,,1526,
Jharkhand,2010.0,48.0,,,140,
Karnataka,2010.0,503.0,,,598,
Kerala,2010.0,94.0,,,3,
Madhya Pradesh,2010.0,410.0,,,563,
Maharashtra,2010.0,261.0,,,45,
Manipur,2010.0,3.0,,,505,
Meghalaya,2010.0,8.0,,,2986,
Mizoram,2010.0,13.0,,,6,
Nagaland,2010.0,51.0,,,363,
Odisha,2010.0,148.0,,,2,
Puducherry,2010.0,1.0,,,1,
Punjab,2010.0,87.0,,,461,
Rajasthan,2010.0,169.0,,,17,
Tamil Nadu,2010.0,114.0,,,1113,
Tripura,2010.0,3.0,,,244,
Uttar Pradesh,2010.0,320.0,,,20,
Uttarakhand,2010.0,12.0,,,129,
West Bengal,2010.0,308.0,,,780,
Andaman & Nicobar Islands,2001.0,4.0,,,1024,
Andhra Pradesh,2001.0,3115.0,,,606,
Arunachal Pradesh,2001.0,36.0,,,0,
Assam,2001.0,438.0,,,1526,
Bihar,2001.0,1136.0,,,2162,
Chandigarh,2001.0,494.0,,,3,
Chhattisgarh,2001.0,942.0,,,73,
Dadra & Nagar Haveli,2001.0,15.0,,,6,
Delhi,2001.0,7981.0,,,27,
Goa,2001.0,178.0,,,952,
Gujarat,2001.0,5537.0,,,1,
Haryana,2001.0,3120.0,,,78,
Himachal Pradesh,2001.0,145.0,,,611,
Jammu & Kashmir,2001.0,633.0,,,5,
Jharkhand,2001.0,239.0,,,464,
Karnataka,2001.0,3863.0,,,46,
Kerala,2001.0,1795.0,,,2022,
Madhya Pradesh,2001.0,4323.0,,,134,
Maharashtra,2001.0,8887.0,,,535,
Manipur,2001.0,71.0,,,4,
Meghalaya,2001.0,57.0,,,784,
Mizoram,2001.0,20.0,,,77,
Nagaland,2001.0,119.0,,,451,
Odisha,2001.0,1011.0,,,2374,
Puducherry,2001.0,284.0,,,12,
Punjab,2001.0,1270.0,,,401,
Rajasthan,2001.0,4039.0,,,2,
Sikkim,2001.0,6.0,,,0,
Tamil Nadu,2001.0,4260.0,,,510,
Tripura,2001.0,10.0,,,25,
Uttar Pradesh,2001.0,5790.0,,,935,
Uttarakhand,2001.0,374.0,,,374,
West Bengal,2001.0,2579.0,,,22,
Andaman & Nicobar Islands,2002.0,2.0,,,116,
Andhra Pradesh,2002.0,3450.0,,,698,
Arunachal Pradesh,2002.0,51.0,,,1202,
Assam,2002.0,680.0,,,544,
Bihar,2002.0,1148.0,,,0,
Chandigarh,2002.0,617.0,,,1557,
Chhattisgarh,2002.0,1126.0,,,2362,
Dadra & Nagar Haveli,2002.0,37.0,,,8,
Daman & Diu,2002.0,36.0,,,83,
Delhi,2002.0,7604.0,,,6,
Goa,2002.0,151.0,,,80,
Gujarat,2002.0,6256.0,,,998,
Haryana,2002.0,3054.0,,,5,
Himachal Pradesh,2002.0,152.0,,,85,
Jammu & Kashmir,2002.0,664.0,,,548,
Jharkhand,2002.0,718.0,,,4,
Karnataka,2002.0,4281.0,,,437,
Kerala,2002.0,1978.0,,,61,
Madhya Pradesh,2002.0,4845.0,,,1621,
Maharashtra,2002.0,9130.0,,,138,
Manipur,2002.0,119.0,,,426,
Meghalaya,2002.0,58.0,,,5,
Mizoram,2002.0,31.0,,,669,
Nagaland,2002.0,161.0,,,74,
Odisha,2002.0,1028.0,,,544,
Puducherry,2002.0,258.0,,,2169,
Punjab,2002.0,1345.0,,,34,
Rajasthan,2002.0,4433.0,,,439,
Sikkim,2002.0,5.0,,,5,
Tamil Nadu,2002.0,4677.0,,,1,
Tripura,2002.0,73.0,,,541,
Uttar Pradesh,2002.0,5689.0,,,16,
Uttarakhand,2002.0,352.0,,,932,
West Bengal,2002.0,3438.0,,,408,
Andaman & Nicobar Islands,2003.0,5.0,,,29,
Andhra Pradesh,2003.0,4732.0,,,112,
Arunachal Pradesh,2003.0,50.0,,,772,
Assam,2003.0,756.0,,,1349,
Bihar,2003.0,1340.0,,,605,
Chandigarh,2003.0,566.0,,,0,
Chhattisgarh,2003.0,1131.0,,,1770,
Dadra & Nagar Haveli,2003.0,15.0,,,2540,
Daman & Diu,2003.0,27.0,,,8,
Delhi,2003.0,7688.0,,,65,
Goa,2003.0,134.0,,,10,
Gujarat,2003.0,7244.0,,,82,
Haryana,2003.0,3293.0,,,1184,
Himachal Pradesh,2003.0,218.0,,,3,
Jammu & Kashmir,2003.0,576.0,,,142,
Jharkhand,2003.0,347.0,,,581,
Karnataka,2003.0,4333.0,,,9,
Kerala,2003.0,1668.0,,,450,
Lakshadweep,2003.0,1.0,,,71,
Madhya Pradesh,2003.0,5208.0,,,1565,
Maharashtra,2003.0,9271.0,,,113,
Manipur,2003.0,124.0,,,426,
Meghalaya,2003.0,108.0,,,9,
Mizoram,2003.0,56.0,,,604,
Nagaland,2003.0,225.0,,,75,
Odisha,2003.0,1076.0,,,496,
Puducherry,2003.0,295.0,,,1787,
Punjab,2003.0,1427.0,,,37,
Rajasthan,2003.0,5267.0,,,427,
Sikkim,2003.0,3.0,,,3,
Tamil Nadu,2003.0,4581.0,,,2,
Tripura,2003.0,53.0,,,557,
Uttar Pradesh,2003.0,4720.0,,,22,
Uttarakhand,2003.0,369.0,,,1057,
West Bengal,2003.0,2581.0,,,502,
Andaman & Nicobar Islands,2004.0,9.0,,,23,
Andhra Pradesh,2004.0,4741.0,,,107,
Arunachal Pradesh,2004.0,75.0,,,771,
Assam,2004.0,894.0,,,1307,
Bihar,2004.0,2083.0,,,726,
Chandigarh,2004.0,674.0,,,0,
Chhattisgarh,2004.0,1316.0,,,1975,
Dadra & Nagar Haveli,2004.0,24.0,,,2732,
Daman & Diu,2004.0,12.0,,,11,
Delhi,2004.0,8924.0,,,56,
Goa,2004.0,125.0,,,4,
Gujarat,2004.0,6936.0,,,74,
Haryana,2004.0,3735.0,,,1273,
Himachal Pradesh,2004.0,213.0,,,8,
Jammu & Kashmir,2004.0,573.0,,,138,
Jharkhand,2004.0,718.0,,,723,
Karnataka,2004.0,5733.0,,,6,
Kerala,2004.0,1717.0,,,495,
Madhya Pradesh,2004.0,6246.0,,,64,
Maharashtra,2004.0,11307.0,,,1417,
Manipur,2004.0,109.0,,,144,
Meghalaya,2004.0,140.0,,,427,
Mizoram,2004.0,0.0,,,14,
Nagaland,2004.0,122.0,,,599,
Odisha,2004.0,1404.0,,,79,
Puducherry,2004.0,322.0,,,568,
Punjab,2004.0,1188.0,,,1592,
Rajasthan,2004.0,6395.0,,,23,
Sikkim,2004.0,6.0,,,500,
Tamil Nadu,2004.0,4005.0,,,0,
Tripura,2004.0,36.0,,,4,
Uttar Pradesh,2004.0,8452.0,,,541,
Uttarakhand,2004.0,471.0,,,23,
West Bengal,2004.0,2668.0,,,1302,
Andaman & Nicobar Islands,2005.0,6.0,,,555,
Andhra Pradesh,2005.0,5465.0,,,20,
Arunachal Pradesh,2005.0,119.0,,,60,
Assam,2005.0,957.0,,,761,
Bihar,2005.0,2134.0,,,1610,
Chandigarh,2005.0,579.0,,,725,
Chhattisgarh,2005.0,1619.0,,,0,
Dadra & Nagar Haveli,2005.0,22.0,,,2234,
Daman & Diu,2005.0,27.0,,,2984,
Delhi,2005.0,8883.0,,,7,
Goa,2005.0,195.0,,,63,
Gujarat,2005.0,7098.0,,,6,
Haryana,2005.0,5276.0,,,87,
Himachal Pradesh,2005.0,172.0,,,1315,
Jammu & Kashmir,2005.0,504.0,,,10,
Jharkhand,2005.0,773.0,,,167,
Karnataka,2005.0,5977.0,,,777,
Kerala,2005.0,1946.0,,,7,
Madhya Pradesh,2005.0,6551.0,,,662,
Maharashtra,2005.0,12213.0,,,95,
Manipur,2005.0,92.0,,,1404,
Meghalaya,2005.0,119.0,,,115,
Mizoram,2005.0,0.0,,,613,
Nagaland,2005.0,248.0,,,11,
Odisha,2005.0,1626.0,,,536,
Puducherry,2005.0,235.0,,,55,
Punjab,2005.0,1190.0,,,680,
Rajasthan,2005.0,6429.0,,,1619,
Sikkim,2005.0,5.0,,,27,
Tamil Nadu,2005.0,3583.0,,,554,
Tripura,2005.0,57.0,,,2,
Uttar Pradesh,2005.0,7619.0,,,4,
Uttarakhand,2005.0,521.0,,,515,
West Bengal,2005.0,2435.0,,,29,
Andaman & Nicobar Islands,2006.0,6.0,,,1412,
Andhra Pradesh,2006.0,5470.0,,,679,
Arunachal Pradesh,2006.0,74.0,,,21,
Assam,2006.0,1405.0,,,61,
Bihar,2006.0,2023.0,,,780,
Chandigarh,2006.0,529.0,,,1825,
Chhattisgarh,2006.0,2143.0,,,725,
Dadra & Nagar Haveli,2006.0,15.0,,,0,
Daman & Diu,2006.0,33.0,,,2270,
Delhi,2006.0,9402.0,,,3281,
Goa,2006.0,228.0,,,3,
Gujarat,2006.0,7191.0,,,67,
Haryana,2006.0,6588.0,,,4,
Himachal Pradesh,2006.0,216.0,,,92,
Jammu & Kashmir,2006.0,559.0,,,1488,
Jharkhand,2006.0,1229.0,,,9,
Karnataka,2006.0,6006.0,,,171,
Kerala,2006.0,2019.0,,,828,
Lakshadweep,2006.0,2.0,,,4,
Madhya Pradesh,2006.0,7651.0,,,1143,
Maharashtra,2006.0,12814.0,,,77,
Manipur,2006.0,119.0,,,1629,
Meghalaya,2006.0,135.0,,,151,
Mizoram,2006.0,68.0,,,751,
Nagaland,2006.0,155.0,,,7,
Odisha,2006.0,1571.0,,,533,
Puducherry,2006.0,320.0,,,69,
Punjab,2006.0,1545.0,,,662,
Rajasthan,2006.0,6977.0,,,1538,
Sikkim,2006.0,8.0,,,67,
Tamil Nadu,2006.0,3009.0,,,552,
Tripura,2006.0,28.0,,,3,
Uttar Pradesh,2006.0,8349.0,,,0,
Uttarakhand,2006.0,499.0,,,599,
West Bengal,2006.0,2714.0,,,36,
Andaman & Nicobar Islands,2007.0,8.0,,,1367,
Andhra Pradesh,2007.0,6309.0,,,734,
Arunachal Pradesh,2007.0,116.0,,,11,
Assam,2007.0,1801.0,,,56,
Bihar,2007.0,2393.0,,,709,
Chandigarh,2007.0,853.0,,,1949,
Chhattisgarh,2007.0,1933.0,,,524,
Dadra & Nagar Haveli,2007.0,19.0,,,0,
Daman & Diu,2007.0,28.0,,,1918,
Delhi,2007.0,8874.0,,,3680,
Goa,2007.0,220.0,,,2,
Gujarat,2007.0,8019.0,,,66,
Haryana,2007.0,6736.0,,,16,
Himachal Pradesh,2007.0,265.0,,,63,
Jammu & Kashmir,2007.0,514.0,,,1491,
Jharkhand,2007.0,1738.0,,,5,
Karnataka,2007.0,6073.0,,,241,
Kerala,2007.0,2110.0,,,872,
Lakshadweep,2007.0,2.0,,,7,
Madhya Pradesh,2007.0,8822.0,,,1817,
Maharashtra,2007.0,13910.0,,,63,
Manipur,2007.0,157.0,,,2007,
Meghalaya,2007.0,93.0,,,152,
Mizoram,2007.0,70.0,,,798,
Nagaland,2007.0,233.0,,,65,
Odisha,2007.0,1733.0,,,16435,
Puducherry,2007.0,498.0,,,443,
Punjab,2007.0,2062.0,,,5367,
Rajasthan,2007.0,7933.0,,,9695,
Sikkim,2007.0,11.0,,,1529,
Tamil Nadu,2007.0,2888.0,,,4812,
Tripura,2007.0,55.0,,,45,
Uttar Pradesh,2007.0,9485.0,,,39,
Uttarakhand,2007.0,545.0,,,19276,
West Bengal,2007.0,2424.0,,,572,
Andaman & Nicobar Islands,2008.0,11.0,,,15625,
Andhra Pradesh,2008.0,7848.0,,,6115,
Arunachal Pradesh,2008.0,60.0,,,596,
Assam,2008.0,1878.0,,,1919,
Bihar,2008.0,2675.0,,,3236,
Chandigarh,2008.0,1094.0,,,12868,
Chhattisgarh,2008.0,2118.0,,,5365,
Dadra & Nagar Haveli,2008.0,19.0,,,10,
Daman & Diu,2008.0,33.0,,,20263,
Delhi,2008.0,11027.0,,,39667,
Goa,2008.0,253.0,,,217,
Gujarat,2008.0,9943.0,,,271,
Haryana,2008.0,7893.0,,,878,
Himachal Pradesh,2008.0,329.0,,,163,
Jammu & Kashmir,2008.0,672.0,,,5550,
Jharkhand,2008.0,2471.0,,,528,
Karnataka,2008.0,9202.0,,,3023,
Kerala,2008.0,2001.0,,,14685,
Lakshadweep,2008.0,1.0,,,54,
Madhya Pradesh,2008.0,11029.0,,,16707,
Maharashtra,2008.0,16909.0,,,259,
Manipur,2008.0,297.0,,,24064,
Meghalaya,2008.0,132.0,,,1419,
Mizoram,2008.0,43.0,,,14245,
Nagaland,2008.0,251.0,,,49,
Odisha,2008.0,1975.0,,,19058,
Puducherry,2008.0,443.0,,,395,
Punjab,2008.0,2160.0,,,5555,
Rajasthan,2008.0,9496.0,,,10145,
Sikkim,2008.0,9.0,,,1647,
Tamil Nadu,2008.0,3747.0,,,4302,
Tripura,2008.0,65.0,,,72,
Uttar Pradesh,2008.0,10371.0,,,56,
Uttarakhand,2008.0,645.0,,,16625,
West Bengal,2008.0,2567.0,,,493,
Andaman & Nicobar Islands,2009.0,10.0,,,15616,
Andhra Pradesh,2009.0,8257.0,,,5962,
Arunachal Pradesh,2009.0,109.0,,,560,
Assam,2009.0,1709.0,,,2020,
Bihar,2009.0,3674.0,,,4374,
Chandigarh,2009.0,1117.0,,,13818,
Chhattisgarh,2009.0,2188.0,,,5432,
Dadra & Nagar Haveli,2009.0,23.0,,,12,
Daman & Diu,2009.0,31.0,,,20759,
Delhi,2009.0,13251.0,,,37443,
Goa,2009.0,346.0,,,255,
Gujarat,2009.0,11145.0,,,392,
Haryana,2009.0,8370.0,,,999,
Himachal Pradesh,2009.0,331.0,,,230,
Jammu & Kashmir,2009.0,881.0,,,5144,
Jharkhand,2009.0,2496.0,,,526,
Karnataka,2009.0,11020.0,,,2963,
Kerala,2009.0,2028.0,,,14292,
Lakshadweep,2009.0,5.0,,,64,
Madhya Pradesh,2009.0,10955.0,,,18599,
Maharashtra,2009.0,18236.0,,,270,
Manipur,2009.0,320.0,,,19329,
Meghalaya,2009.0,180.0,,,1257,
Mizoram,2009.0,77.0,,,12449,
Nagaland,2009.0,216.0,,,60,
Odisha,2009.0,2521.0,,,23042,
Puducherry,2009.0,502.0,,,370,
Punjab,2009.0,2842.0,,,5525,
Rajasthan,2009.0,11783.0,,,10104,
Sikkim,2009.0,10.0,,,1238,
Tamil Nadu,2009.0,5198.0,,,4170,
Tripura,2009.0,71.0,,,61,
Uttar Pradesh,2009.0,14378.0,,,46,
Uttarakhand,2009.0,702.0,,,15544,
West Bengal,2009.0,3618.0,,,458,
Andaman & Nicobar Islands,2010.0,22.0,,,19181,
Andhra Pradesh,2010.0,7422.0,,,5589,
Arunachal Pradesh,2010.0,139.0,,,616,
Assam,2010.0,600.0,,,1949,
Bihar,2010.0,4271.0,,,3863,
Chandigarh,2010.0,898.0,,,14180,
Chhattisgarh,2010.0,2139.0,,,4523,
Dadra & Nagar Haveli,2010.0,34.0,,,8,
Daman & Diu,2010.0,28.0,,,20328,
Delhi,2010.0,15031.0,,,36892,
Goa,2010.0,372.0,,,252,
Gujarat,2010.0,9829.0,,,322,
Haryana,2010.0,11398.0,,,1303,
Himachal Pradesh,2010.0,334.0,,,179,
Jammu & Kashmir,2010.0,968.0,,,5243,
Jharkhand,2010.0,2684.0,,,567,
Karnataka,2010.0,10639.0,,,3198,
Kerala,2010.0,1478.0,,,14875,
Madhya Pradesh,2010.0,12060.0,,,65,
Maharashtra,2010.0,18605.0,,,18213,
Manipur,2010.0,286.0,,,276,
Meghalaya,2010.0,152.0,,,12836,
Mizoram,2010.0,69.0,,,1277,
Nagaland,2010.0,277.0,,,12613,
Odisha,2010.0,2627.0,,,103,
Puducherry,2010.0,384.0,,,23162,
Punjab,2010.0,2713.0,,,388,
Rajasthan,2010.0,13109.0,,,5866,
Sikkim,2010.0,8.0,,,11113,
Tamil Nadu,2010.0,5205.0,,,1459,
Tripura,2010.0,50.0,,,5014,
Uttar Pradesh,2010.0,16705.0,,,53,
Uttarakhand,2010.0,853.0,,,27,
West Bengal,2010.0,4305.0,,,18994,
,,,,,493,
,,,,,18452,
,,,,,6558,
,,,,,636,
,,,,,1939,
,,,,,4374,
,,,,,16093,
,,,,,5010,
,,,,,5,
,,,,,22557,
,,,,,43629,
,,,,,244,
,,,,,393,
,,,,,610,
,,,,,172,
,,,,,5959,
,,,,,634,
,,,,,2587,
,,,,,17096,
,,,,,73,
,,,,,17530,
,,,,,260,
,,,,,19106,
,,,,,1500,
,,,,,14465,
,,,,,92,
,,,,,23395,
,,,,,531,
,,,,,6369,
,,,,,10812,
,,,,,1373,
,,,,,5600,
,,,,,74,
,,,,,50,
,,,,,17955,
,,,,,490,
,,,,,17834,
,,,,,8650,
,,,,,689,
,,,,,1901,
,,,,,5610,
,,,,,17008,
,,,,,5225,
,,,,,7,
,,,,,20660,
,,,,,46598,
,,,,,243,
,,,,,431,
,,,,,777,
,,,,,278,
,,,,,6743,
,,,,,466,
,,,,,2924,
,,,,,13361,
,,,,,77,
,,,,,15851,
,,,,,325,
,,,,,17557,
,,,,,1515,
,,,,,12124,
,,,,,101,
,,,,,23211,
,,,,,451,
,,,,,7820,
,,,,,11752,
,,,,,1234,
,,,,,5262,
,,,,,61,
,,,,,63,
,,,,,17498,
,,,,,486,
,,,,,18331,
,,,,,10513,
,,,,,807,
,,,,,1937,
,,,,,6173,
,,,,,14901,
,,,,,5043,
,,,,,17,
,,,,,21733,
,,,,,46250,
,,,,,290,
,,,,,470,
,,,,,740,
,,,,,324,
,,,,,6559,
,,,,,560,
,,,,,3945,
,,,,,16460,
,,,,,113,
,,,,,13651,
,,,,,392,
,,,,,17665,
,,,,,1369,
,,,,,12532,
,,,,,112,
,,,,,23856,
,,,,,513,
,,,,,7754,
,,,,,11795,
,,,,,1740,
,,,,,5381,
,,,,,87,
,,,,,43,
,,,,,17037,
,,,,,484,
,,,,,18047,
,,,,,11047,
,,,,,1077,
,,,,,1756,
,,,,,7067,
,,,,,14270,
,,,,,5317,
,,,,,20,
,,,,,22396,
,,,,,47498,
,,,,,454,
,,,,,500,
,,,,,732,
,,,,,358,
,,,,,6830,
,,,,,787,
,,,,,5171,
,,,,,18008,
,,,,,118,
,,,,,13217,
,,,,,411,
,,,,,19325,
,,,,,1500,
,,,,,13747,
,,,,,128,
,,,,,24324,
,,,,,445,
,,,,,8012,
,,,,,13206,
,,,,,1991,
,,,,,6079,
,,,,,54,
,,,,,49,
,,,,,18867,
,,,,,595,
,,,,,20557,
,,,,,12709,
,,,,,1135,
,,,,,2073,
,,,,,7269,
,,,,,17728,
,,,,,5327,
,,,,,8,
,,,,,24579,
,,,,,52664,
,,,,,446,
,,,,,658,
,,,,,734,
,,,,,329,
,,,,,7132,
,,,,,688,
,,,,,5468,
,,,,,19014,
,,,,,127,
,,,,,15019,
,,,,,499,
,,,,,21370,
,,,,,1532,
,,,,,17334,
,,,,,134,
,,,,,23922,
,,,,,381,
,,,,,7644,
,,,,,15221,
,,,,,1731,
,,,,,5792,
,,,,,63,
,,,,,41,
,,,,,21731,
,,,,,840,
,,,,,19574,
,,,,,12912,
,,,,,820,
,,,,,2517,
,,,,,7716,
,,,,,20576,
,,,,,5196,
,,,,,10,
,,,,,23260,
,,,,,50708,
,,,,,394,
,,,,,528,
,,,,,761,
,,,,,347,
,,,,,7115,
,,,,,711,
,,,,,5513,
,,,,,11817,
,,,,,62,
,,,,,15712,
,,,,,415,
,,,,,24983,
,,,,,1340,
,,,,,17133,
,,,,,121,
,,,,,26358,
,,,,,445,
,,,,,7860,
,,,,,15544,
,,,,,1481,
,,,,,5805,
,,,,,63,
,,,,,47,
,,,,,23088,
,,,,,1017,
,,,,,16725,
,,,,,16266,
,,,,,837,
,,,,,2490,
,,,,,7090,
,,,,,20093,
,,,,,4065,
,,,,,4,
,,,,,21523,
,,,,,52363,
,,,,,417,
,,,,,640,
,,,,,813,
,,,,,372,
,,,,,7572,
,,,,,534,
,,,,,5407,
,,,,,20981,
,,,,,53,
,,,,,14583,
,,,,,410,
,,,,,27487,
,,,,,1779,
,,,,,19388,
,,,,,143,
,,,,,25070,
,,,,,858,
,,,,,9778,
,,,,,18503,
,,,,,1948,
,,,,,9894,
,,,,,106,
,,,,,94,
,,,,,25170,
,,,,,1004,
,,,,,24410,
,,,,,10536,
,,,,,1573,
,,,,,3531,
,,,,,5764,
,,,,,21039,
,,,,,10442,
,,,,,12,
,,,,,37554,
,,,,,60173,
,,,,,455,
,,,,,713,
,,,,,1516,
,,,,,463,
,,,,,10167,
,,,,,651,
,,,,,5950,
,,,,,25326,
,,,,,129,
,,,,,24606,
,,,,,579,
,,,,,36711,
,,,,,2346,
,,,,,18204,
,,,,,110,
,,,,,28340,
,,,,,819,
,,,,,10269,
,,,,,19333,
,,,,,2055,
,,,,,8687,
,,,,,132,
,,,,,130,
,,,,,22681,
,,,,,951,
,,,,,24958,
,,,,,10266,
,,,,,1350,
,,,,,3637,
,,,,,7668,
,,,,,22219,
,,,,,11246,
,,,,,21,
,,,,,37451,
,,,,,57544,
,,,,,429,
,,,,,758,
,,,,,1499,
,,,,,529,
,,,,,9287,
,,,,,675,
,,,,,6038,
,,,,,22730,
,,,,,118,
,,,,,25825,
,,,,,619,
,,,,,27826,
,,,,,1939,
,,,,,19012,
,,,,,128,
,,,,,33315,
,,,,,776,
,,,,,10298,
,,,,,19211,
,,,,,1578,
,,,,,8592,
,,,,,132,
,,,,,107,
,,,,,20953,
,,,,,847,
,,,,,29407,
,,,,,10024,
,,,,,1392,
,,,,,3768,
,,,,,7211,
,,,,,22463,
,,,,,9843,
,,,,,14,
,,,,,35947,
,,,,,57118,
,,,,,423,
,,,,,728,
,,,,,2063,
,,,,,437,
,,,,,9462,
,,,,,720,
,,,,,6806,
,,,,,23652,
,,,,,127,
,,,,,24082,
,,,,,576,
,,,,,18012,
,,,,,1948,
,,,,,15618,
,,,,,175,
,,,,,32463,
,,,,,730,
,,,,,10575,
,,,,,21673,
,,,,,1775,
,,,,,10548,
,,,,,112,
,,,,,72,
,,,,,24902,
,,,,,846,
,,,,,28241,
,,,,,10821,
,,,,,1541,
,,,,,3621,
,,,,,7668,
,,,,,24265,
,,,,,10598,
,,,,,7,
,,,,,37646,
,,,,,65025,
,,,,,392,
,,,,,711,
,,,,,876,
,,,,,281,
,,,,,10415,
,,,,,730,
,,,,,5355,
,,,,,24551,
,,,,,168,
,,,,,22489,
,,,,,577,
,,,,,26487,
,,,,,2181,
,,,,,17679,
,,,,,172,
,,,,,32858,
,,,,,949,
,,,,,10589,
,,,,,20015,
,,,,,1796,
,,,,,10154,
,,,,,126,
,,,,,100,
,,,,,24493,
,,,,,854,
,,,,,26642,
,,,,,13584,
,,,,,1551,
,,,,,3544,
,,,,,8814,
,,,,,25185,
,,,,,10952,
,,,,,9,
,,,,,34691,
,,,,,70162,
,,,,,389,
,,,,,747,
,,,,,1270,
,,,,,492,
,,,,,11276,
,,,,,549,
,,,,,5700,
,,,,,19690,
,,,,,166,
,,,,,20352,
,,,,,640,
,,,,,23644,
,,,,,2186,
,,,,,15448,
,,,,,191,
,,,,,32815,
,,,,,871,
,,,,,12583,
,,,,,20326,
,,,,,1648,
,,,,,9688,
,,,,,152,
,,,,,144,
,,,,,24041,
,,,,,801,
,,,,,27217,
,,,,,16375,
,,,,,1752,
,,,,,3531,
,,,,,9625,
,,,,,23164,
,,,,,10564,
,,,,,19,
,,,,,35604,
,,,,,70004,
,,,,,538,
,,,,,758,
,,,,,1203,
,,,,,511,
,,,,,11465,
,,,,,657,
,,,,,7388,
,,,,,22623,
,,,,,216,
,,,,,17787,
,,,,,898,
,,,,,23845,
,,,,,1922,
,,,,,15721,
,,,,,223,
,,,,,32739,
,,,,,896,
,,,,,17809,
,,,,,19494,
,,,,,2201,
,,,,,9837,
,,,,,146,
,,,,,105,
,,,,,23713,
,,,,,845,
,,,,,26069,
,,,,,17536,
,,,,,2114,
,,,,,3808,
,,,,,10245,
,,,,,22130,
,,,,,12938,
,,,,,36934,
,,,,,71909,
,,,,,893,
,,,,,862,
,,,,,1281,
,,,,,576,
,,,,,12945,
,,,,,891,
,,,,,9213,
,,,,,25019,
,,,,,214,
,,,,,17875,
,,,,,744,
,,,,,26858,
,,,,,2185,
,,,,,17277,
,,,,,232,
,,,,,34242,
,,,,,871,
,,,,,13896,
,,,,,21324,
,,,,,2529,
,,,,,11111,
,,,,,138,
,,,,,107,
,,,,,24583,
,,,,,1021,
,,,,,28840,
,,,,,19382,
,,,,,2214,
,,,,,3694,
,,,,,10132,
,,,,,26727,
,,,,,12318,
,,,,,11,
,,,,,39064,
,,,,,78569,
,,,,,910,
,,,,,1238,
,,,,,1154,
,,,,,563,
,,,,,12182,
,,,,,813,
,,,,,9642,
,,,,,24813,
,,,,,222,
,,,,,19918,
,,,,,902,
,,,,,29291,
,,,,,2033,
,,,,,21809,
,,,,,238,
,,,,,33162,
,,,,,715,
,,,,,13289,
,,,,,23314,
,,,,,2275,
,,,,,10776,
,,,,,154,
,,,,,84,
,,,,,26693,
,,,,,1242,
,,,,,27407,
,,,,,19595,
,,,,,1804,
,,,,,4341,
,,,,,10989,
,,,,,30575,
,,,,,11943,
,,,,,58,
,,,,,37513,
,,,,,77240,
,,,,,698,
,,,,,895,
,,,,,1213,
,,,,,770,
,,,,,12250,
,,,,,807,
,,,,,9626,
,,,,,18178,
,,,,,163,
,,,,,21489,
,,,,,826,
,,,,,32243,
,,,,,1791,
,,,,,21586,
,,,,,219,
,,,,,36407,
,,,,,831,
,,,,,13694,
,,,,,22727,
,,,,,2055,
,,,,,10569,
,,,,,123,
,,,,,85,
,,,,,28118,
,,,,,1483,
,,,,,23839,
,,,,,23549,
,,,,,1709,
,,,,,3978,
,,,,,10318,
,,,,,29717,
,,,,,9982,
,,,,,7,
,,,,,34358,
,,,,,80663,
,,,,,665,
,,,,,952,
,,,,,1371,
,,,,,785,
,,,,,12691,
,,,,,625,
,,,,,9873,
,,,,,28152,
,,,,,134,
,,,,,21509,
,,,,,879,
,,,,,35068,
,,,,,2234,
,,,,,23759,
